,시간,
0,2022-11-08 0:00,1:39
1,2022-11-08 0:00,2:12
2,2022-11-08 0:00,3:00
3,2022-11-08 0:00,12:05
4,2022-11-08 0:00,12:00
5,2022-11-07 0:00,3:45
6,2022-11-07 0:00,9:17
7,2022-11-07 0:00,9:18
8,2022-11-08 0:00,3:00
9,2022-11-09 0:00,5:20
10,2022-11-09 0:00,8:03
11,2022-11-08 0:00,10:24
12,2022-11-09 0:00,3:42
13,2022-11-10 0:00,3:06
14,2022-11-10 0:00,3:15
15,2022-11-10 0:00,3:59
16,2022-11-10 0:00,12:00
17,2022-11-10 0:00,4:43
18,2022-11-10 0:00,4:59
19,2022-11-10 0:00,5:25
20,2022-11-10 0:00,5:37
21,2022-11-10 0:00,7:24
22,2022-11-10 0:00,8:08
23,2022-11-10 0:00,2:57
24,2022-11-10 0:00,5:05
25,2022-11-10 0:00,2:55
26,2022-11-10 0:00,5:29
27,2022-11-10 0:00,2:45
28,2022-11-10 0:00,5:50
29,2022-11-10 0:00,8:09
30,2022-11-10 0:00,9:55
31,2022-11-09 0:00,10:04
32,2022-11-10 0:00,10:46
33,2022-11-10 0:00,12:03
34,2022-11-10 0:00,1:39
35,2022-11-10 0:00,2:16
36,2022-11-11 0:00,10:07
37,2022-11-11 0:00,11:35
38,2023-06-27,|
39,2022-11-11 0:00,1:49
40,2022-11-11 0:00,2:37
41,2022-11-11 0:00,3:39
42,2022-11-11 0:00,5:33
43,2022-11-11 0:00,4:03
44,2022-11-11 0:00,5:23
45,2022-11-11 0:00,5:30
46,2022-11-11 0:00,10:49
47,2022-11-11 0:00,9:58
48,2022-11-11 0:00,3:44
49,2022-11-11 0:00,9:47
50,2022-11-11 0:00,11:02
51,2022-11-11 0:00,9:38
52,2022-11-11 0:00,3:00
53,2022-11-11 0:00,4:03
54,2022-11-11 0:00,9:36
55,2022-11-11 0:00,6:44
56,2022-11-11 0:00,7:26
57,2022-11-11 0:00,8:27
58,2022-11-11,9:23
59,2022-11-12 0:00,10:15
60,2022-11-12 0:00,10:01
61,2022-11-12 0:00,3:00
62,2022-11-12,1:00
63,2022-11-12 0:00,7:39
64,2022-11-13 0:00,3:44
65,2022-11-13 0:00,7:44
66,2022-11-13,18:00
67,2022-11-13,16:47
68,2022-11-13,16:45
69,2022-11-13 0:00,3:45
70,2022-11-13 0:00,3:43
71,2022-11-13,20:00
72,2022-11-13 0:00,3:17
73,2022-11-13 0:00,3:15
74,2022-11-13,15:31
75,2022-11-13 0:00,7:15
76,2022-11-13 0:00,11:47
77,2022-11-13 0:00,12:48
78,2022-11-13 0:00,10:22
79,2022-11-13 0:00,2:22
80,2023-06-27 0:00,12:00
81,2022-11-13 0:00,2:56
82,2022-11-13 0:00,3:07
83,2022-11-13 0:00,1:47
84,2022-11-14 0:00,5:23
85,2022-11-14,14:41
86,2022-11-14 0:00,3:24
87,2023-06-27 0:00,12:00
88,2022-11-14,16:55
89,2022-11-14,17:20
90,2022-11-14 0:00,5:40
91,2022-11-14 0:00,10:36
92,2022-11-14 0:00,5:50
93,2022-11-14,18:00
94,2022-11-14 0:00,9:30
95,2022-11-14 0:00,11:46
96,2022-11-14,13:53
97,2022-11-14 0:00,8:45
98,2022-11-14 0:00,12:10
99,2022-11-14,13:36
100,2022-11-14 0:00,9:22
101,2022-11-14 0:00,10:01
102,2022-11-14 0:00,10:28
103,2022-11-14 0:00,9:07
104,2022-11-14 0:00,10:45
105,2022-11-14 0:00,10:29
106,2022-11-14 0:00,11:36
107,2022-11-14 0:00,11:36
108,2022-11-14 0:00,11:32
109,2022-11-14 0:00,11:50
110,2022-11-14 0:00,11:16
111,2022-11-14 0:00,11:06
112,2022-11-14 0:00,11:30
113,2022-11-15 0:00,2:59
114,2022-11-15,11:55
115,2023-06-27,|
116,2022-11-15 0:00,12:25
117,2022-11-15 0:00,1:23
118,2022-11-15 0:00,1:45
119,2022-11-15 0:00,2:08
120,2022-11-15,14:59
121,2022-11-15,14:58
122,2022-11-15,21:56
123,2022-11-15 0:00,3:28
124,2022-11-15 0:00,3:29
125,2022-11-15,16:35
126,2022-11-15 0:00,5:46
127,2022-11-15,18:05
128,2022-11-15 0:00,6:07
129,2022-11-15 0:00,6:11
130,2022-11-15,19:18
131,2022-11-15 0:00,8:41
132,2022-11-15 0:00,11:24
133,2022-11-15,11:20
134,2022-11-15 0:00,10:28
135,2022-11-15,11:02
136,2022-11-14 0:00,9:32
137,2022-11-14,23:15
138,2022-11-15 0:00,12:46
139,2022-11-15 0:00,12:52
140,2022-11-15 0:00,3:00
141,2022-11-15 0:00,7:06
142,2022-11-15 0:00,7:21
143,2022-11-15 0:00,7:43
144,2022-11-15,1:00
145,2022-11-15 0:00,8:59
146,2022-11-15,9:02
147,2022-11-15 0:00,9:34
148,2022-11-15 0:00,8:56
149,2022-11-15 0:00,9:50
150,2022-11-15,10:05
151,2022-11-16 0:00,5:40
152,2022-11-16 0:00,5:30
153,2022-11-16 0:00,5:02
154,2022-11-16 0:00,5:00
155,2022-11-16,15:27
156,2022-11-16,16:29
157,2022-11-16 0:00,3:18
158,2022-11-16 0:00,2:08
159,2022-11-16 0:00,5:43
160,2022-11-16 0:00,10:28
161,2022-11-16,18:01
162,2022-11-16,18:01
163,2022-11-16,18:04
164,2022-11-16 0:00,6:27
165,2022-11-16 0:00,7:00
166,2022-11-16 0:00,8:34
167,2022-11-16 0:00,9:33
168,2022-11-16 0:00,9:44
169,2022-11-16 0:00,10:16
170,2022-11-16,22:58
171,2022-11-16 0:00,1:39
172,2022-11-16 0:00,12:26
173,2022-11-16 0:00,4:34
174,2022-11-16 0:00,11:58
175,2022-11-16 0:00,11:57
176,2022-11-16 0:00,3:00
177,2022-11-16 0:00,3:00
178,2022-11-16 0:00,8:00
179,2022-11-16,8:41
180,2022-11-16 0:00,8:49
181,2022-11-16,9:03
182,2022-11-16 0:00,9:08
183,2022-11-16 0:00,9:08
184,2022-11-16 0:00,9:06
185,2022-11-16,6:30
186,2022-11-16 0:00,9:26
187,2022-11-16 0:00,9:15
188,2022-11-16 0:00,11:00
189,2022-11-16 0:00,10:41
190,2022-11-16 0:00,10:11
191,2022-11-16 0:00,10:49
192,2022-11-16 0:00,9:41
193,2022-11-16 0:00,9:36
194,2022-11-16 0:00,9:34
195,2022-11-16 0:00,9:59
196,2022-11-16,11:41
197,2022-11-17 0:00,3:00
198,2022-11-17 0:00,2:34
199,2022-11-17,14:28
200,2022-11-17 0:00,2:23
201,2022-11-17 0:00,2:22
202,2022-11-17,14:19
203,2022-11-17 0:00,3:18
204,2022-11-17 0:00,2:26
205,2022-11-17,15:14
206,2022-11-17 0:00,6:16
207,2022-11-17,15:30
208,2022-11-17 0:00,11:48
209,2022-11-17 0:00,9:24
210,2022-11-17 0:00,7:49
211,2022-11-17 0:00,2:17
212,2022-11-17 0:00,5:53
213,2022-11-17 0:00,5:41
214,2022-11-17 0:00,5:34
215,2022-11-17 0:00,4:46
216,2022-11-17 0:00,4:17
217,2022-11-17,16:13
218,2022-11-17,15:37
219,2022-11-17 0:00,3:36
220,2022-11-17 0:00,3:21
221,2022-11-17 0:00,2:17
222,2022-11-17 0:00,10:43
223,2022-11-17 0:00,2:12
224,2022-11-17 0:00,2:15
225,2022-11-17 0:00,6:54
226,2022-11-17 0:00,6:42
227,2022-11-17 0:00,6:16
228,2022-11-17 0:00,6:15
229,2022-11-16 0:00,8:28
230,2022-11-16 0:00,10:14
231,2022-11-17 0:00,4:07
232,2022-11-17 0:00,3:00
233,2022-11-17 0:00,12:22
234,2022-11-16 0:00,8:17
235,2022-11-17 0:00,7:48
236,2022-11-17 0:00,8:08
237,2022-11-17,7:49
238,2022-11-17 0:00,2:12
239,2022-11-17,14:08
240,2022-11-17 0:00,2:00
241,2022-11-17 0:00,8:10
242,2022-11-17 0:00,11:24
243,2022-11-17 0:00,11:29
244,2022-11-17 0:00,10:35
245,2022-11-17,10:29
246,2022-11-17 0:00,10:09
247,2022-11-17 0:00,9:56
248,2022-11-17,9:28
249,2022-11-17 0:00,9:10
250,2022-11-17 0:00,8:33
251,2022-11-17 0:00,11:16
252,2022-11-18 0:00,8:31
253,2022-11-18 0:00,3:49
254,2022-11-18 0:00,1:05
255,2022-11-18,9:15
256,2022-11-18,6:00
257,2022-11-18,7:52
258,2022-11-18,5:01
259,2022-11-18 0:00,4:02
260,2022-11-18 0:00,3:00
261,2022-11-18,1:00
262,2022-11-20,18:39
263,2022-11-20 0:00,6:22
264,2022-11-20 0:00,6:20
265,2022-11-20 0:00,5:36
266,2022-11-20,15:11
267,2022-11-21,14:00
268,2022-11-21 0:00,2:20
269,2022-11-21 0:00,2:51
270,2022-11-21 0:00,3:15
271,2022-11-21 0:00,3:40
272,2022-11-21,21:01
273,2022-11-21 0:00,6:01
274,2022-11-21,18:15
275,2022-11-21,18:24
276,2022-11-21 0:00,6:59
277,2022-11-21 0:00,7:09
278,2023-06-27,|
279,2022-11-21 0:00,3:39
280,2022-11-21,11:47
281,2022-11-21 0:00,5:18
282,2022-11-21 0:00,11:25
283,2022-11-21 0:00,6:00
284,2022-11-21 0:00,9:02
285,2022-11-21 0:00,9:12
286,2022-11-21 0:00,9:14
287,2022-11-20 0:00,7:31
288,2022-11-21 0:00,9:31
289,2022-11-21 0:00,9:37
290,2022-11-21 0:00,9:54
291,2022-11-21 0:00,10:12
292,2022-11-21 0:00,10:14
293,2022-11-21 0:00,9:46
294,2022-11-21 0:00,10:41
295,2022-11-21 0:00,10:44
296,2022-11-21,9:20
297,2022-11-22 0:00,10:24
298,2022-11-22 0:00,2:06
299,2022-11-21 0:00,9:36
300,2022-11-22 0:00,3:00
301,2022-11-22,1:00
302,2022-11-22 0:00,4:05
303,2022-11-23 0:00,3:44
304,2022-11-23 0:00,10:25
305,2022-11-23,19:32
306,2022-11-23 0:00,3:07
307,2022-11-23 0:00,1:29
308,2022-11-23,9:42
309,2022-11-23 0:00,9:46
310,2022-11-23 0:00,1:53
311,2022-11-23 0:00,10:21
312,2022-11-23 0:00,10:26
313,2022-11-23 0:00,9:50
314,2022-11-23,10:31
315,2022-11-23,10:31
316,2022-11-23 0:00,12:08
317,2022-11-23 0:00,10:28
318,2022-11-24 0:00,5:38
319,2022-11-24 0:00,5:21
320,2022-11-24,9:06
321,2022-11-24 0:00,6:45
322,2022-11-24,9:19
323,2022-11-25 0:00,1:04
324,2022-11-25 0:00,1:02
325,2022-11-25 0:00,10:14
326,2022-11-25 0:00,5:58
327,2022-11-25 0:00,4:32
328,2022-11-25 0:00,8:38
329,2022-11-25 0:00,10:32
330,2022-11-25 0:00,8:54
331,2022-11-25 0:00,8:46
332,2022-11-25 0:00,3:00
333,2022-11-25,1:00
334,2022-11-25 0:00,11:42
335,2022-11-26 0:00,6:51
336,2022-11-26 0:00,10:01
337,2022-11-27,12:44
338,2022-11-28 0:00,8:41
339,2022-11-28 0:00,9:49
340,2022-11-28 0:00,9:16
341,2022-11-28 0:00,9:13
342,2022-11-28 0:00,8:41
343,2022-11-28 0:00,8:40
344,2022-11-28 0:00,8:24
345,2022-11-28 0:00,8:19
346,2022-11-28,19:58
347,2022-11-28 0:00,2:48
348,2022-11-28 0:00,8:31
349,2022-11-29,15:00
350,2022-11-29 0:00,3:28
351,2022-11-29 0:00,3:49
352,2022-11-29 0:00,4:18
353,2022-11-29 0:00,4:21
354,2022-11-29 0:00,4:29
355,2022-11-29 0:00,5:22
356,2022-11-29 0:00,5:02
357,2022-11-29 0:00,7:25
358,2022-11-29 0:00,1:59
359,2022-11-28 0:00,9:06
360,2022-11-29 0:00,10:39
361,2022-11-29,8:40
362,2022-11-29,12:30
363,2022-11-29,9:01
364,2022-11-29 0:00,9:15
365,2022-11-29 0:00,9:28
366,2022-11-29,9:34
367,2022-11-29 0:00,9:39
368,2022-11-29 0:00,9:30
369,2022-11-29,9:54
370,2022-11-29 0:00,10:08
371,2022-11-29 0:00,9:56
372,2022-11-29 0:00,10:26
373,2022-11-29 0:00,10:39
374,2022-11-29 0:00,9:36
375,2022-11-30 0:00,10:19
376,2022-11-30 0:00,9:27
377,2022-11-30 0:00,11:14
378,2022-11-30 0:00,11:25
379,2022-11-30 0:00,4:47
380,2022-11-30 0:00,2:18
381,2022-11-30 0:00,3:10
382,2022-11-30 0:00,4:10
383,2022-11-30 0:00,12:03
384,2022-11-30 0:00,10:03
385,2022-11-30 0:00,10:00
386,2022-11-29 0:00,8:18
387,2022-11-30 0:00,5:50
388,2022-11-30 0:00,10:03
389,2022-11-30 0:00,8:41
390,2022-11-30 0:00,9:03
391,2022-11-30 0:00,9:05
392,2022-11-30,9:20
393,2022-11-28 0:00,6:01
394,2022-12-01 0:00,11:11
395,2022-12-01 0:00,9:38
396,2022-12-01 0:00,8:54
397,2022-11-30 0:00,8:48
398,2022-12-01 0:00,5:00
399,2022-11-30 0:00,7:01
400,2022-11-30 0:00,8:41
401,2022-12-01 0:00,9:36
402,2022-12-01 0:00,12:02
403,2022-12-01 0:00,3:00
404,2022-12-01,0:00
405,2022-12-01 0:00,7:57
406,2022-12-02,8:12
407,2022-12-02 0:00,11:19
408,2022-12-02 0:00,5:47
409,2022-12-02 0:00,10:00
410,2022-12-03,7:00
411,2022-12-04 0:00,2:48
412,2022-12-05 0:00,5:05
413,2022-12-05 0:00,1:45
414,2022-12-05 0:00,12:00
415,2022-12-06,15:28
416,2022-12-06 0:00,3:31
417,2022-12-06 0:00,2:22
418,2022-12-06 0:00,7:10
419,2022-12-06 0:00,2:17
420,2022-12-06 0:00,6:18
421,2022-12-05 0:00,3:59
422,2022-12-05 0:00,8:37
423,2022-12-06 0:00,8:38
424,2022-12-06 0:00,9:00
425,2022-12-06 0:00,9:54
426,2022-12-06 0:00,10:05
427,2022-12-06 0:00,10:29
428,2022-12-06 0:00,10:36
429,2022-12-06 0:00,11:44
430,2022-12-06 0:00,11:52
431,2022-12-06 0:00,12:17
432,2023-06-27,|
433,2022-12-07 0:00,4:27
434,2022-12-07 0:00,9:34
435,2022-12-07 0:00,5:16
436,2022-12-07 0:00,6:26
437,2022-12-07 0:00,10:36
438,2022-12-07,15:42
439,2022-12-07,11:15
440,2022-12-07,1:00
441,2022-12-07 0:00,3:00
442,2022-12-07 0:00,9:11
443,2022-12-07 0:00,3:41
444,2022-12-07 0:00,10:59
445,2022-12-07 0:00,3:15
446,2023-06-27,|
447,2022-12-08 0:00,10:16
448,2022-12-08 0:00,9:53
449,2022-12-08 0:00,2:20
450,2022-12-08 0:00,3:00
451,2022-12-08 0:00,9:14
452,2022-12-09 0:00,8:23
453,2022-12-09 0:00,6:48
454,2022-12-09 0:00,5:58
455,2022-12-09 0:00,5:34
456,2022-12-09 0:00,4:24
457,2022-12-09,15:15
458,2022-12-09 0:00,3:14
459,2022-12-09 0:00,2:53
460,2022-12-08 0:00,8:04
461,2022-12-09 0:00,2:40
462,2022-12-09 0:00,2:31
463,2022-12-09 0:00,1:48
464,2022-12-09,13:30
465,2022-12-09 0:00,11:54
466,2022-12-09 0:00,8:06
467,2022-12-09 0:00,3:11
468,2022-12-11 0:00,4:21
469,2022-12-11 0:00,2:42
470,2022-12-11 0:00,2:04
471,2022-12-10 0:00,8:07
472,2022-12-12 0:00,11:47
473,2023-06-27,|
474,2022-12-12,12:24
475,2022-12-12 0:00,2:19
476,2022-12-12 0:00,8:52
477,2022-12-12 0:00,11:29
478,2022-12-12 0:00,3:50
479,2022-12-12 0:00,11:09
480,2022-12-12,11:04
481,2022-12-12 0:00,9:02
482,2022-12-12 0:00,9:33
483,2022-12-12 0:00,10:10
484,2022-12-12 0:00,10:19
485,2022-12-12 0:00,10:35
486,2022-12-12 0:00,10:42
487,2022-12-12,9:05
488,2022-12-13 0:00,6:39
489,2022-12-13 0:00,6:22
490,2022-12-13 0:00,3:24
491,2022-12-13 0:00,3:00
492,2022-12-12 0:00,7:10
493,2023-06-27,|
494,2022-12-14 0:00,6:43
495,2022-12-14 0:00,4:37
496,2022-12-14 0:00,3:00
497,2022-12-14 0:00,2:10
498,2022-12-14 0:00,1:54
499,2022-12-14 0:00,11:51
500,2022-12-13 0:00,5:48
501,2022-12-14,11:45
502,2022-12-14,11:38
503,2022-12-14 0:00,11:17
504,2022-12-14 0:00,9:45
505,2022-12-14 0:00,9:34
506,2022-12-14 0:00,9:15
507,2022-12-14 0:00,11:52
508,2022-12-15 0:00,9:43
509,2022-12-15 0:00,9:15
510,2022-12-15 0:00,3:00
511,2022-12-14,14:10
512,2022-12-16 0:00,2:53
513,2022-12-16 0:00,3:00
514,2022-12-16 0:00,8:25
515,2022-12-16 0:00,1:44
516,2022-12-16 0:00,1:48
517,2022-12-16 0:00,2:16
518,2022-12-16 0:00,3:04
519,2022-12-16 0:00,10:09
520,2022-12-16 0:00,7:51
521,2022-12-17,13:40
522,2022-12-17 0:00,11:40
523,2022-12-18 0:00,6:34
524,2022-12-18 0:00,4:17
525,2022-12-18 0:00,6:08
526,2022-12-18 0:00,10:37
527,2022-12-18 0:00,9:20
528,2022-12-18 0:00,9:07
529,2022-12-19,13:19
530,2022-12-19 0:00,5:35
531,2022-12-19 0:00,11:45
532,2022-12-18 0:00,4:57
533,2022-12-19 0:00,7:49
534,2022-12-19 0:00,6:30
535,2022-12-19 0:00,4:02
536,2022-12-18,19:45
537,2022-12-20 0:00,3:09
538,2022-12-20,15:50
539,2022-12-20,14:12
540,2022-12-21 0:00,5:44
541,2022-12-21 0:00,6:44
542,2022-12-20 0:00,11:07
543,2022-12-22 0:00,5:38
544,2022-12-22 0:00,5:43
545,2022-12-22,18:11
546,2022-12-22 0:00,6:30
547,2022-12-22 0:00,6:45
548,2022-12-22,19:00
549,2022-12-22,19:00
550,2022-12-22 0:00,8:29
551,2022-12-22 0:00,9:07
552,2022-12-22 0:00,8:44
553,2022-12-22 0:00,9:23
554,2022-12-22 0:00,9:31
555,2022-12-22 0:00,9:37
556,2022-12-22 0:00,9:38
557,2022-12-22,21:38
558,2022-12-22 0:00,3:53
559,2022-12-22 0:00,7:19
560,2022-12-22 0:00,2:55
561,2022-12-22 0:00,3:01
562,2022-12-22 0:00,3:15
563,2022-12-22 0:00,7:33
564,2022-12-22 0:00,9:01
565,2022-12-22 0:00,9:22
566,2022-12-22 0:00,10:39
567,2022-12-22 0:00,2:46
568,2022-12-22,14:49
569,2022-12-22 0:00,2:25
570,2022-12-22 0:00,2:51
571,2022-12-22 0:00,11:56
572,2022-12-22 0:00,11:01
573,2022-12-23 0:00,1:59
574,2022-12-23,18:11
575,2022-12-23,15:00
576,2022-12-23,12:45
577,2022-12-23 0:00,7:40
578,2022-12-23,9:28
579,2022-12-22 0:00,10:04
580,2022-12-23 0:00,12:04
581,2022-12-22 0:00,7:09
582,2022-12-22 0:00,7:40
583,2022-12-23 0:00,12:27
584,2022-12-23 0:00,10:48
585,2022-12-23 0:00,3:00
586,2022-12-24 0:00,9:27
587,2022-12-24 0:00,9:58
588,2022-12-24 0:00,9:01
589,2022-12-24 0:00,12:37
590,2022-12-24 0:00,8:58
591,2022-12-25 0:00,11:25
592,2022-12-25 0:00,10:00
593,2022-12-25 0:00,9:34
594,2022-12-25,20:53
595,2022-12-25 0:00,8:01
596,2022-12-25,18:54
597,2022-12-25 0:00,8:26
598,2022-12-25 0:00,5:16
599,2022-12-25,16:30
600,2022-12-25 0:00,4:37
601,2022-12-25 0:00,9:55
602,2022-12-26 0:00,7:41
603,2022-12-26 0:00,7:40
604,2022-12-26 0:00,7:39
605,2022-12-26 0:00,7:38
606,2022-12-26 0:00,7:29
607,2022-12-26 0:00,7:45
608,2022-12-26,19:32
609,2022-12-26 0:00,7:55
610,2022-12-26 0:00,8:37
611,2022-12-26,20:18
612,2022-12-26 0:00,8:34
613,2022-12-26 0:00,8:34
614,2022-12-26 0:00,8:46
615,2022-12-26 0:00,8:47
616,2022-12-26 0:00,9:15
617,2022-12-26 0:00,10:09
618,2022-12-26 0:00,7:58
619,2022-12-26 0:00,3:59
620,2022-12-26,15:27
621,2022-12-25 0:00,7:57
622,2022-12-26 0:00,3:00
623,2022-12-26 0:00,3:00
624,2022-12-25 0:00,8:48
625,2022-12-26 0:00,5:45
626,2022-12-26,6:00
627,2022-12-26 0:00,6:52
628,2022-12-26 0:00,7:42
629,2022-12-26 0:00,9:13
630,2022-12-26 0:00,9:27
631,2022-12-26 0:00,12:02
632,2022-12-26 0:00,9:35
633,2022-12-26 0:00,9:35
634,2022-12-26 0:00,11:34
635,2022-12-26 0:00,11:46
636,2022-12-26 0:00,10:45
637,2022-12-26,10:13
638,2022-12-26 0:00,9:57
639,2022-12-27 0:00,11:36
640,2022-12-27 0:00,3:09
641,2023-06-27,|
642,2022-12-27,13:16
643,2022-12-27,13:40
644,2022-12-27 0:00,2:19
645,2022-12-27,16:06
646,2022-12-27,18:09
647,2022-12-27 0:00,5:18
648,2022-12-27 0:00,6:12
649,2022-12-27 0:00,8:23
650,2022-12-27 0:00,10:13
651,2022-12-27 0:00,11:19
652,2022-12-27 0:00,4:17
653,2022-12-27 0:00,2:48
654,2022-12-27 0:00,11:00
655,2022-12-27 0:00,11:06
656,2022-12-26,20:09
657,2022-12-27 0:00,3:00
658,2022-12-27 0:00,4:30
659,2022-12-27 0:00,7:40
660,2022-12-26,18:13
661,2022-12-27 0:00,8:36
662,2022-12-27,9:05
663,2022-12-27 0:00,10:58
664,2022-12-27 0:00,8:49
665,2022-12-27 0:00,10:07
666,2022-12-27 0:00,9:40
667,2022-12-27 0:00,9:39
668,2022-12-27 0:00,9:10
669,2022-12-27,9:43
670,2022-12-28 0:00,5:34
671,2022-12-28 0:00,4:12
672,2022-12-28,16:05
673,2022-12-28 0:00,4:01
674,2022-12-28 0:00,3:21
675,2022-12-28 0:00,9:37
676,2022-12-28 0:00,1:46
677,2022-12-28 0:00,10:38
678,2022-12-28 0:00,8:00
679,2022-12-28 0:00,5:50
680,2022-12-28 0:00,3:00
681,2022-12-27,19:18
682,2022-12-28 0:00,3:20
683,2022-12-29 0:00,4:09
684,2022-12-29 0:00,5:07
685,2022-12-29 0:00,9:28
686,2022-12-29 0:00,6:26
687,2022-12-29 0:00,10:59
688,2022-12-29,18:19
689,2022-12-28,19:24
690,2022-12-29 0:00,3:00
691,2022-12-29 0:00,7:22
692,2022-12-30 0:00,6:00
693,2022-12-30 0:00,6:00
694,2022-12-30 0:00,6:00
695,2022-12-30 0:00,6:00
696,2022-12-30 0:00,6:00
697,2022-12-30 0:00,6:00
698,2022-12-30 0:00,6:00
699,2022-12-30 0:00,6:00
700,2022-12-30 0:00,11:27
701,2022-12-30 0:00,10:45
702,2022-12-30 0:00,9:21
703,2022-12-30 0:00,7:00
704,2022-12-30 0:00,6:00
705,2022-12-31 0:00,3:22
706,2022-12-31 0:00,8:01
707,2023-01-01 0:00,5:47
708,2023-01-01,17:37
709,2023-01-01 0:00,4:21
710,2023-01-01,16:28
711,2023-01-01,16:58
712,2023-01-01 0:00,5:53
713,2023-01-01 0:00,7:41
714,2023-01-01 0:00,6:25
715,2023-01-01 0:00,7:59
716,2023-01-01,20:24
717,2023-01-01 0:00,8:57
718,2023-01-01 0:00,9:12
719,2023-06-27 0:00,12:00
720,2023-01-01 0:00,2:06
721,2023-01-01 0:00,3:48
722,2023-01-01 0:00,2:35
723,2023-01-01 0:00,9:00
724,2023-01-01 0:00,9:00
725,2023-01-01 0:00,9:22
726,2023-01-01 0:00,9:52
727,2023-01-01 0:00,9:40
728,2023-01-01 0:00,10:05
729,2023-01-01,10:24
730,2023-01-01 0:00,10:32
731,2023-01-01,10:38
732,2023-01-01 0:00,10:43
733,2023-01-01,12:44
734,2023-01-01 0:00,10:55
735,2023-01-01 0:00,10:54
736,2023-01-01 0:00,1:32
737,2023-01-01 0:00,1:22
738,2023-01-01,13:00
739,2023-01-01 0:00,2:06
740,2023-01-01 0:00,12:21
741,2023-01-01,12:15
742,2023-01-01 0:00,12:14
743,2023-01-01 0:00,11:01
744,2023-01-01 0:00,2:49
745,2023-01-02,16:00
746,2023-01-02 0:00,10:51
747,2023-01-02 0:00,10:58
748,2023-01-02 0:00,2:18
749,2023-01-02,14:22
750,2023-01-02,14:57
751,2023-01-02 0:00,3:40
752,2023-01-02 0:00,4:20
753,2023-01-02 0:00,5:03
754,2023-01-02 0:00,10:21
755,2023-01-02 0:00,10:16
756,2023-01-01,20:08
757,2023-01-02,1:00
758,2023-01-02,1:00
759,2023-01-02 0:00,3:27
760,2023-01-01 0:00,10:52
761,2023-01-01 0:00,9:38
762,2023-01-02,6:00
763,2023-01-02 0:00,4:07
764,2023-01-02,7:42
765,2023-01-02 0:00,10:10
766,2023-01-02 0:00,6:53
767,2023-01-02 0:00,9:57
768,2023-01-02 0:00,9:49
769,2023-01-02 0:00,9:36
770,2023-01-02,9:27
771,2023-01-02 0:00,9:22
772,2023-01-02 0:00,8:02
773,2023-01-01 0:00,3:01
774,2023-01-02,9:34
775,2023-01-03 0:00,9:43
776,2023-01-02,18:16
777,2023-01-03 0:00,4:08
778,2023-01-02,21:09
779,2023-01-02,17:34
780,2023-01-04 0:00,9:49
781,2023-01-04 0:00,7:20
782,2023-01-04 0:00,10:51
783,2023-01-04 0:00,3:29
784,2023-01-04 0:00,5:45
785,2023-01-04 0:00,5:05
786,2023-01-04 0:00,10:20
787,2023-01-04 0:00,11:34
788,2023-01-04 0:00,1:19
789,2023-01-05 0:00,2:35
790,2023-01-05 0:00,8:00
791,2023-01-05 0:00,7:58
792,2023-01-05 0:00,10:10
793,2023-01-05 0:00,4:39
794,2023-01-05 0:00,2:45
795,2023-01-05,8:54
796,2023-01-05 0:00,3:00
797,2023-01-05,8:02
798,2023-01-05 0:00,8:01
799,2023-01-05 0:00,3:00
800,2023-01-05 0:00,8:23
801,2023-01-06 0:00,3:50
802,2023-01-06 0:00,2:14
803,2023-01-06,11:02
804,2023-01-06 0:00,10:01
805,2023-01-06 0:00,10:44
806,2023-01-06 0:00,9:56
807,2023-01-06 0:00,4:44
808,2023-01-06,10:47
809,2023-01-07 0:00,8:53
810,2023-01-07 0:00,8:27
811,2023-01-07 0:00,7:35
812,2023-01-07 0:00,5:21
813,2023-01-07 0:00,5:16
814,2023-01-07 0:00,9:44
815,2023-01-07,17:11
816,2023-01-08,22:12
817,2023-01-08 0:00,5:36
818,2023-01-08 0:00,5:05
819,2023-01-09 0:00,5:52
820,2023-01-09 0:00,6:07
821,2023-01-09 0:00,9:12
822,2023-01-09,7:05
823,2023-01-09 0:00,5:45
824,2023-01-08 0:00,8:30
825,2023-01-08 0:00,10:27
826,2023-01-09 0:00,2:46
827,2023-01-10 0:00,5:06
828,2023-01-10 0:00,5:32
829,2023-01-10 0:00,5:59
830,2023-01-10 0:00,8:44
831,2023-01-10,19:50
832,2023-01-10,20:24
833,2023-01-10 0:00,9:07
834,2023-01-09,20:48
835,2023-01-10 0:00,6:00
836,2023-01-10 0:00,8:56
837,2023-01-10,14:19
838,2023-01-10 0:00,9:15
839,2023-01-10 0:00,7:00
840,2023-01-10 0:00,9:14
841,2023-01-10 0:00,10:57
842,2023-01-10 0:00,10:58
843,2023-01-10 0:00,11:10
844,2023-01-10,9:18
845,2023-01-11 0:00,6:04
846,2023-01-11 0:00,3:46
847,2023-01-11 0:00,3:57
848,2023-01-11 0:00,6:40
849,2023-01-11,20:00
850,2023-01-11,21:33
851,2023-01-11 0:00,10:15
852,2023-01-10,18:14
853,2023-01-11 0:00,10:38
854,2023-01-11 0:00,11:16
855,2023-01-11,13:57
856,2023-01-11 0:00,1:10
857,2023-01-10 0:00,9:21
858,2023-01-11,1:00
859,2023-01-11 0:00,1:48
860,2023-01-11 0:00,8:19
861,2023-01-11 0:00,9:32
862,2023-01-11 0:00,9:50
863,2023-01-11 0:00,10:02
864,2023-01-11 0:00,10:04
865,2023-01-11 0:00,10:17
866,2023-01-11,11:00
867,2023-01-11 0:00,11:47
868,2023-01-11 0:00,9:17
869,2023-01-12 0:00,9:32
870,2023-01-12,21:09
871,2023-01-12 0:00,10:37
872,2023-01-12 0:00,6:34
873,2023-01-12 0:00,5:45
874,2023-01-11 0:00,10:12
875,2023-01-12 0:00,3:00
876,2023-01-12 0:00,12:14
877,2023-01-12 0:00,12:02
878,2023-01-13 0:00,11:41
879,2023-01-18 0:00,8:42
880,2023-01-13 0:00,2:30
881,2023-06-27,|
882,2023-01-13,6:00
883,2023-01-13,10:03
884,2023-01-13 0:00,10:04
885,2023-01-13 0:00,7:58
886,2023-01-13 0:00,9:33
887,2023-01-13 0:00,9:44
888,2023-01-13 0:00,10:01
889,2023-01-14 0:00,8:33
890,2023-01-14 0:00,9:36
891,2023-01-15 0:00,12:00
892,2023-01-15 0:00,8:08
893,2023-01-15 0:00,5:51
894,2023-01-15 0:00,2:30
895,2023-01-15,10:33
896,2023-01-16,5:00
897,2023-01-16 0:00,4:39
898,2023-01-16 0:00,2:41
899,2023-01-16 0:00,2:10
900,2023-01-16,11:47
901,2023-01-16 0:00,10:43
902,2023-01-16 0:00,8:27
903,2023-01-16 0:00,8:15
904,2023-01-16,7:57
905,2023-01-16 0:00,7:43
906,2023-01-16,5:00
907,2023-01-16,5:00
908,2023-01-17,15:26
909,2023-01-17,15:27
910,2023-01-17,15:30
911,2023-01-17 0:00,3:52
912,2023-01-17,18:12
913,2023-01-17 0:00,5:15
914,2023-01-17 0:00,6:08
915,2023-01-17,15:09
916,2023-01-17 0:00,11:02
917,2023-01-17 0:00,11:07
918,2023-01-17 0:00,10:45
919,2023-01-17 0:00,10:27
920,2023-01-17,9:38
921,2023-01-17 0:00,6:04
922,2023-01-17 0:00,3:00
923,2023-01-17 0:00,12:02
924,2023-01-16,20:52
925,2023-01-17,14:17
926,2023-01-17 0:00,3:00
927,2023-01-18 0:00,3:00
928,2023-01-18 0:00,3:40
929,2023-01-18 0:00,5:32
930,2023-01-16,5:00
931,2023-01-18,21:08
932,2023-01-18 0:00,2:26
933,2023-01-18 0:00,5:40
934,2023-01-18 0:00,2:05
935,2023-01-18 0:00,1:59
936,2023-01-18 0:00,1:56
937,2023-01-17 0:00,2:09
938,2023-01-17 0:00,4:34
939,2023-01-17,20:52
940,2023-01-18 0:00,8:52
941,2023-01-18 0:00,3:00
942,2023-01-18 0:00,11:25
943,2023-01-18,13:32
944,2023-01-19 0:00,2:48
945,2023-01-19 0:00,5:35
946,2023-06-27 0:00,12:00
947,2023-01-19 0:00,4:58
948,2023-01-19 0:00,3:59
949,2023-06-27,|
950,2023-01-19 0:00,3:31
951,2023-01-19,6:30
952,2023-01-19 0:00,3:00
953,2023-01-19,1:00
954,2023-01-19 0:00,11:33
955,2023-01-20 0:00,10:00
956,2023-01-20 0:00,10:56
957,2023-01-20 0:00,11:06
958,2023-01-20 0:00,11:19
959,2023-01-20 0:00,12:53
960,2023-01-20 0:00,1:13
961,2023-01-20,14:45
962,2023-01-20 0:00,2:05
963,2023-01-20 0:00,2:36
964,2023-01-20 0:00,2:48
965,2023-01-20 0:00,2:42
966,2023-01-20 0:00,10:40
967,2023-01-20,9:40
968,2023-01-20 0:00,9:36
969,2023-01-20 0:00,9:31
970,2023-01-20 0:00,3:00
971,2023-01-20 0:00,4:05
972,2023-01-20 0:00,8:33
973,2023-01-20 0:00,8:39
974,2023-01-20 0:00,9:17
975,2023-01-20 0:00,9:00
976,2023-01-19,16:06
977,2023-01-21 0:00,5:28
978,2023-01-21 0:00,12:42
979,2023-01-21 0:00,3:00
980,2023-01-22,17:22
981,2023-01-22 0:00,2:24
982,2023-01-22,6:00
983,2023-01-22 0:00,9:39
984,2023-01-22 0:00,8:26
985,2023-01-22 0:00,7:41
986,2023-01-22 0:00,11:10
987,2023-01-23,22:00
988,2023-06-27 0:00,12:00
989,2023-01-23,23:26
990,2023-01-23 0:00,11:42
991,2023-01-23 0:00,11:55
992,2023-01-23 0:00,9:55
993,2023-01-23 0:00,10:35
994,2023-01-23 0:00,9:55
995,2023-01-23 0:00,10:21
996,2023-01-23,20:56
997,2023-01-23 0:00,9:02
998,2023-01-23 0:00,10:00
999,2023-01-23 0:00,3:26
1000,2023-01-23 0:00,5:58
1001,2023-01-23,14:55
1002,2023-01-23 0:00,6:58
1003,2023-01-23 0:00,7:13
1004,2023-01-23 0:00,7:13
1005,2023-01-23 0:00,6:39
1006,2023-01-24 0:00,4:17
1007,2023-01-24,16:43
1008,2023-01-24,14:59
1009,2023-01-24 0:00,4:20
1010,2023-01-24 0:00,3:11
1011,2023-01-24 0:00,3:14
1012,2023-01-24 0:00,2:53
1013,2023-01-24 0:00,4:48
1014,2023-01-24 0:00,6:44
1015,2023-01-24,17:27
1016,2023-01-24 0:00,10:05
1017,2023-01-24 0:00,8:21
1018,2023-01-24 0:00,8:00
1019,2023-01-24 0:00,7:38
1020,2023-01-24 0:00,7:31
1021,2023-01-24 0:00,7:05
1022,2023-01-24 0:00,5:38
1023,2023-01-24 0:00,5:23
1024,2023-01-24 0:00,11:18
1025,2023-01-24 0:00,7:40
1026,2023-01-24 0:00,7:05
1027,2023-01-24 0:00,7:02
1028,2023-01-24 0:00,6:53
1029,2023-01-24 0:00,6:03
1030,2023-01-24 0:00,12:40
1031,2023-01-24 0:00,8:27
1032,2023-01-24,10:25
1033,2023-01-24,10:13
1034,2023-01-25 0:00,12:10
1035,2023-01-25,18:00
1036,2023-01-25 0:00,3:45
1037,2023-01-25 0:00,7:24
1038,2023-01-25 0:00,8:51
1039,2023-01-25 0:00,8:50
1040,2023-01-25 0:00,8:47
1041,2023-01-24,21:01
1042,2023-01-25 0:00,12:05
1043,2023-01-25 0:00,1:29
1044,2023-01-25 0:00,3:00
1045,2023-01-25 0:00,7:41
1046,2023-01-25 0:00,8:00
1047,2023-01-25 0:00,8:09
1048,2023-01-25 0:00,8:31
1049,2023-01-25 0:00,7:24
1050,2023-06-27,|
1051,2023-01-26 0:00,8:07
1052,2023-01-26 0:00,10:39
1053,2023-01-26 0:00,3:01
1054,2023-01-26 0:00,1:40
1055,2023-01-26 0:00,12:02
1056,2023-01-27 0:00,3:42
1057,2023-01-27 0:00,4:03
1058,2023-01-27,16:18
1059,2023-01-27 0:00,4:36
1060,2023-01-27 0:00,1:10
1061,2023-01-27,6:00
1062,2023-01-27 0:00,7:45
1063,2023-01-27,9:34
1064,2023-01-27,9:24
1065,2023-01-27 0:00,11:09
1066,2023-01-27 0:00,1:47
1067,2023-01-27 0:00,1:02
1068,2023-01-27 0:00,1:38
1069,2023-01-27 0:00,1:42
1070,2023-01-27 0:00,11:05
1071,2023-01-29,11:17
1072,2023-01-29 0:00,7:58
1073,2023-01-29,17:44
1074,2023-01-29 0:00,4:14
1075,2023-01-30 0:00,4:10
1076,2023-01-30 0:00,5:27
1077,2023-01-30 0:00,6:00
1078,2023-01-30,17:45
1079,2023-01-30 0:00,6:38
1080,2023-01-30 0:00,6:45
1081,2023-01-30 0:00,10:07
1082,2023-01-30 0:00,5:45
1083,2023-01-30,11:45
1084,2023-01-30 0:00,9:34
1085,2023-01-30 0:00,11:33
1086,2023-01-29,21:13
1087,2023-01-30 0:00,8:16
1088,2023-01-30,9:12
1089,2023-01-30 0:00,9:21
1090,2023-01-30 0:00,10:01
1091,2023-01-30 0:00,10:14
1092,2023-01-30,7:24
1093,2023-01-31 0:00,2:13
1094,2023-01-31 0:00,2:24
1095,2023-01-31 0:00,4:01
1096,2023-01-31 0:00,4:07
1097,2023-01-31 0:00,4:31
1098,2023-01-31,17:44
1099,2023-01-31 0:00,6:59
1100,2023-01-31,18:01
1101,2023-01-31 0:00,6:25
1102,2023-06-27 0:00,12:00
1103,2023-01-31 0:00,6:40
1104,2023-01-31 0:00,11:27
1105,2023-01-31,22:09
1106,2023-01-31 0:00,11:17
1107,2023-01-31 0:00,2:46
1108,2023-01-31 0:00,10:29
1109,2023-01-31 0:00,11:09
1110,2023-01-30,21:26
1111,2023-01-30 0:00,8:06
1112,2023-01-31,1:00
1113,2023-01-31,1:00
1114,2023-01-31 0:00,4:06
1115,2023-01-31 0:00,6:51
1116,2023-01-31 0:00,7:21
1117,2023-01-31 0:00,3:00
1118,2023-01-31 0:00,8:19
1119,2023-01-31 0:00,9:47
1120,2023-01-31,9:39
1121,2023-01-31 0:00,9:36
1122,2023-01-31 0:00,9:31
1123,2023-01-31 0:00,9:57
1124,2023-01-31 0:00,9:06
1125,2023-01-31 0:00,9:16
1126,2023-02-01 0:00,1:58
1127,2023-06-27,|
1128,2023-02-01 0:00,1:28
1129,2023-02-01 0:00,1:32
1130,2023-02-01 0:00,1:56
1131,2023-02-01 0:00,2:05
1132,2023-02-01 0:00,2:15
1133,2023-02-01 0:00,2:18
1134,2023-02-01 0:00,5:18
1135,2023-02-01,17:32
1136,2023-02-01 0:00,5:54
1137,2023-02-01 0:00,6:16
1138,2023-02-01,18:24
1139,2023-02-01 0:00,7:30
1140,2023-02-01 0:00,3:40
1141,2023-02-01,12:01
1142,2023-02-01 0:00,10:01
1143,2023-02-01 0:00,11:56
1144,2023-02-01 0:00,11:58
1145,2023-02-01 0:00,12:51
1146,2023-02-01 0:00,2:57
1147,2023-02-01 0:00,3:00
1148,2023-02-01,7:00
1149,2023-02-01 0:00,8:02
1150,2023-02-01,8:57
1151,2023-02-01 0:00,9:01
1152,2023-02-01 0:00,9:08
1153,2023-02-01 0:00,9:16
1154,2023-02-01 0:00,2:56
1155,2023-02-01 0:00,11:12
1156,2023-02-01 0:00,11:13
1157,2023-02-01 0:00,11:49
1158,2023-02-01,11:33
1159,2023-02-01 0:00,11:25
1160,2023-02-01 0:00,11:47
1161,2023-02-01 0:00,11:19
1162,2023-02-01,11:16
1163,2023-02-01 0:00,11:16
1164,2023-02-01 0:00,11:23
1165,2023-02-02,10:16
1166,2023-02-02 0:00,3:51
1167,2023-02-02 0:00,11:00
1168,2023-02-02,11:12
1169,2023-02-02 0:00,11:44
1170,2023-02-02 0:00,4:41
1171,2023-02-02 0:00,8:23
1172,2023-02-02 0:00,5:14
1173,2023-02-02 0:00,6:14
1174,2023-02-02 0:00,7:42
1175,2023-02-02 0:00,9:38
1176,2023-02-02 0:00,10:27
1177,2023-02-02 0:00,9:42
1178,2023-02-02 0:00,4:54
1179,2023-02-02 0:00,9:29
1180,2023-02-02 0:00,3:06
1181,2023-02-02 0:00,10:32
1182,2023-02-02,9:27
1183,2023-02-02,1:00
1184,2023-02-02 0:00,3:00
1185,2023-02-02 0:00,3:00
1186,2023-02-02 0:00,3:00
1187,2023-02-02 0:00,3:00
1188,2023-02-02,07:33 2023-02-02
1189,2023-02-02 0:00,12:02
1190,2023-02-02 0:00,8:38
1191,2023-02-02 0:00,8:42
1192,2023-02-02 0:00,9:12
1193,2023-02-02 0:00,9:21
1194,2023-02-02,8:18
1195,2023-02-03 0:00,6:07
1196,2023-02-03 0:00,7:45
1197,2023-02-03 0:00,4:03
1198,2023-02-03,1:00
1199,2023-02-03 0:00,12:12
1200,2023-02-03 0:00,12:11
1201,2023-02-02 0:00,7:02
1202,2023-02-02,19:23
1203,2023-02-04 0:00,12:04
1204,2023-02-05,22:12
1205,2023-02-05,22:06
1206,2023-02-05,22:02
1207,2023-02-05 0:00,9:53
1208,2023-02-05,20:59
1209,2023-02-05,19:58
1210,2023-02-05 0:00,4:23
1211,2023-02-05 0:00,4:02
1212,2023-02-05 0:00,2:20
1213,2023-02-05 0:00,10:47
1214,2023-02-05 0:00,9:54
1215,2023-02-06,17:15
1216,2023-02-06 0:00,10:23
1217,2023-02-06 0:00,6:45
1218,2023-02-06,18:25
1219,2023-02-06 0:00,5:29
1220,2023-02-06 0:00,12:30
1221,2023-02-06 0:00,10:34
1222,2023-02-06 0:00,3:00
1223,2023-02-06 0:00,3:41
1224,2023-02-07 0:00,3:20
1225,2023-02-07 0:00,4:59
1226,2023-02-07 0:00,6:38
1227,2023-02-07 0:00,11:05
1228,2023-02-07 0:00,4:59
1229,2023-02-07 0:00,9:21
1230,2023-02-07 0:00,6:55
1231,2023-02-07 0:00,5:42
1232,2023-02-07,10:55
1233,2023-02-07,11:54
1234,2023-02-06,21:50
1235,2023-02-06,21:50
1236,2023-02-07 0:00,3:00
1237,2023-02-07 0:00,4:00
1238,2023-02-07,07:52 2023-02-07
1239,2023-02-07 0:00,8:30
1240,2023-02-07 0:00,9:29
1241,2023-02-08,14:12
1242,2023-02-08 0:00,2:36
1243,2023-02-08 0:00,3:46
1244,2023-02-08 0:00,3:46
1245,2023-02-08 0:00,5:31
1246,2023-02-08 0:00,9:32
1247,2023-02-08 0:00,8:40
1248,2023-02-08 0:00,4:53
1249,2023-02-08 0:00,10:59
1250,2023-02-08 0:00,5:39
1251,2023-02-08 0:00,11:20
1252,2023-02-08 0:00,5:10
1253,2023-02-08 0:00,11:04
1254,2023-02-08 0:00,3:00
1255,2023-02-08,6:00
1256,2023-02-08 0:00,7:37
1257,2023-02-08 0:00,7:45
1258,2023-02-08,1:00
1259,2023-02-08,9:11
1260,2023-02-08,10:38
1261,2023-02-08 0:00,10:38
1262,2023-02-08 0:00,10:49
1263,2023-02-08 0:00,10:55
1264,2023-02-08,8:36
1265,2023-02-09 0:00,2:57
1266,2023-02-09 0:00,2:42
1267,2023-02-09 0:00,3:08
1268,2023-02-09 0:00,3:20
1269,2023-02-09 0:00,3:29
1270,2023-02-09 0:00,5:54
1271,2023-02-09 0:00,5:35
1272,2023-02-09 0:00,6:15
1273,2023-02-09 0:00,6:20
1274,2023-02-09 0:00,4:15
1275,2023-02-09 0:00,2:30
1276,2023-02-09 0:00,1:20
1277,2023-02-09 0:00,2:23
1278,2023-02-09 0:00,5:45
1279,2023-02-09,9:32
1280,2023-02-09 0:00,10:23
1281,2023-02-09 0:00,10:24
1282,2023-02-09 0:00,10:51
1283,2023-02-09 0:00,11:06
1284,2023-02-09 0:00,11:22
1285,2023-02-09,11:40
1286,2023-02-09 0:00,11:48
1287,2023-02-09 0:00,11:58
1288,2023-02-09,10:36
1289,2023-02-10 0:00,2:48
1290,2023-02-10 0:00,3:59
1291,2023-02-10 0:00,4:28
1292,2023-02-10 0:00,9:58
1293,2023-02-10,17:36
1294,2023-02-10 0:00,2:34
1295,2023-02-10 0:00,10:08
1296,2023-02-10 0:00,10:36
1297,2023-02-10 0:00,11:09
1298,2023-02-10 0:00,5:29
1299,2023-02-10,14:29
1300,2023-02-10 0:00,9:43
1301,2023-02-10 0:00,8:40
1302,2023-02-10 0:00,8:05
1303,2023-02-10 0:00,6:30
1304,2023-02-10 0:00,6:05
1305,2023-02-10 0:00,4:07
1306,2023-02-10,0:00
1307,2023-02-09,19:50
1308,2023-02-10 0:00,10:12
1309,2023-02-11 0:00,9:19
1310,2023-02-11 0:00,12:58
1311,2023-02-11,6:00
1312,2023-02-12,20:47
1313,2023-02-12,20:10
1314,2023-02-12,20:08
1315,2023-02-12 0:00,7:40
1316,2023-02-12 0:00,2:05
1317,2023-02-12 0:00,11:38
1318,2023-02-12 0:00,9:00
1319,2023-02-13,13:00
1320,2023-02-13 0:00,1:23
1321,2023-02-13 0:00,1:30
1322,2023-02-13 0:00,2:37
1323,2023-02-13 0:00,3:35
1324,2023-02-13 0:00,4:25
1325,2023-02-13 0:00,5:02
1326,2023-02-13 0:00,6:06
1327,2023-02-13 0:00,6:36
1328,2023-02-13 0:00,10:27
1329,2023-02-13 0:00,3:00
1330,2023-02-13 0:00,9:53
1331,2023-02-13,10:05
1332,2023-02-13,6:49
1333,2023-02-13 0:00,7:25
1334,2023-02-13,9:05
1335,2023-02-13 0:00,9:00
1336,2023-02-13 0:00,9:14
1337,2023-02-13,9:15
1338,2023-02-13 0:00,9:39
1339,2023-02-13 0:00,7:58
1340,2023-02-14,11:32
1341,2023-02-14 0:00,4:50
1342,2023-02-14 0:00,10:07
1343,2023-02-14,20:04
1344,2023-02-14,22:18
1345,2023-02-14 0:00,10:29
1346,2023-02-14 0:00,7:00
1347,2023-02-14,11:02
1348,2023-02-14 0:00,12:49
1349,2023-02-13,21:00
1350,2023-02-14 0:00,5:00
1351,2023-02-14 0:00,6:30
1352,2023-02-14 0:00,3:00
1353,2023-02-15 0:00,5:05
1354,2023-02-15 0:00,10:18
1355,2023-02-15 0:00,1:51
1356,2023-02-15,14:22
1357,2023-02-15 0:00,2:37
1358,2023-02-15 0:00,3:17
1359,2023-02-15,15:36
1360,2023-02-15 0:00,12:43
1361,2023-02-15 0:00,6:24
1362,2023-02-15 0:00,5:21
1363,2023-02-15 0:00,5:52
1364,2023-02-15 0:00,6:29
1365,2023-02-15 0:00,9:43
1366,2023-02-15 0:00,10:17
1367,2023-02-15 0:00,5:11
1368,2023-02-15,9:17
1369,2023-02-15 0:00,11:12
1370,2023-02-15 0:00,11:14
1371,2023-02-14,20:49
1372,2023-02-15 0:00,3:00
1373,2023-02-15 0:00,3:08
1374,2023-02-15 0:00,6:00
1375,2023-02-15 0:00,7:00
1376,2023-02-15 0:00,6:33
1377,2023-02-15 0:00,5:55
1378,2023-02-15 0:00,9:20
1379,2023-02-15 0:00,9:32
1380,2023-02-15 0:00,9:37
1381,2023-02-15 0:00,10:13
1382,2023-02-15 0:00,10:13
1383,2023-02-15 0:00,10:28
1384,2023-02-15 0:00,10:27
1385,2023-02-15 0:00,10:39
1386,2023-02-15,9:11
1387,2023-02-15 0:00,11:05
1388,2023-02-16 0:00,5:25
1389,2023-02-16 0:00,5:01
1390,2023-02-16 0:00,4:34
1391,2023-02-16 0:00,4:22
1392,2023-02-16,15:32
1393,2023-02-16,15:25
1394,2023-02-16 0:00,2:07
1395,2023-02-16 0:00,5:32
1396,2023-02-16 0:00,4:24
1397,2023-02-16,17:36
1398,2023-02-16,19:49
1399,2023-02-16 0:00,5:52
1400,2023-02-16 0:00,6:14
1401,2023-02-16,18:25
1402,2023-02-16 0:00,6:30
1403,2023-02-16 0:00,6:33
1404,2023-02-16 0:00,7:00
1405,2023-02-16 0:00,7:21
1406,2023-02-16,14:15
1407,2023-02-16 0:00,8:16
1408,2023-02-16,21:50
1409,2023-02-16 0:00,4:12
1410,2023-02-16 0:00,5:39
1411,2023-06-27 0:00,12:00
1412,2023-02-16 0:00,11:12
1413,2023-02-16 0:00,1:53
1414,2023-02-16 0:00,3:00
1415,2023-02-16 0:00,3:00
1416,2023-02-16 0:00,4:02
1417,2023-02-16 0:00,6:25
1418,2023-02-16 0:00,6:40
1419,2023-02-16,7:13
1420,2023-02-16 0:00,9:00
1421,2023-02-16 0:00,4:06
1422,2023-02-15,18:18
1423,2023-02-16 0:00,9:00
1424,2023-02-16 0:00,10:57
1425,2023-02-16 0:00,10:35
1426,2023-02-16 0:00,10:08
1427,2023-02-16 0:00,9:48
1428,2023-02-16 0:00,10:13
1429,2023-02-16 0:00,9:36
1430,2023-02-16,9:23
1431,2023-02-16 0:00,9:11
1432,2023-02-16 0:00,9:47
1433,2023-02-17 0:00,3:39
1434,2023-02-17,16:18
1435,2023-02-17 0:00,4:00
1436,2023-02-17 0:00,3:54
1437,2023-02-17,15:15
1438,2023-02-17 0:00,11:45
1439,2023-06-27 0:00,12:00
1440,2023-02-17 0:00,1:57
1441,2023-02-17 0:00,5:26
1442,2023-02-17,11:54
1443,2023-02-17 0:00,2:52
1444,2023-02-17 0:00,5:33
1445,2023-02-17,11:47
1446,2023-02-17 0:00,8:06
1447,2023-02-17 0:00,8:16
1448,2023-02-17,20:30
1449,2023-02-17,20:56
1450,2023-02-17,21:26
1451,2023-02-17 0:00,9:20
1452,2023-02-17 0:00,9:31
1453,2023-02-17 0:00,9:46
1454,2023-02-17 0:00,10:19
1455,2023-02-17 0:00,11:14
1456,2023-02-17 0:00,10:04
1457,2023-02-17 0:00,10:58
1458,2023-02-16 0:00,7:36
1459,2023-02-16 0:00,9:30
1460,2023-02-17 0:00,12:05
1461,2023-02-17 0:00,3:00
1462,2023-02-17 0:00,3:00
1463,2023-02-17 0:00,4:04
1464,2023-02-17 0:00,4:05
1465,2023-02-17,6:00
1466,2023-02-17,6:51
1467,2023-02-17 0:00,6:46
1468,2023-02-17 0:00,6:47
1469,2023-02-17 0:00,10:28
1470,2023-02-17 0:00,10:23
1471,2023-02-17 0:00,9:45
1472,2023-02-17 0:00,9:43
1473,2023-02-17,10:14
1474,2023-02-17,9:26
1475,2023-02-17 0:00,9:25
1476,2023-02-17 0:00,9:05
1477,2023-02-17 0:00,7:36
1478,2023-02-17,9:33
1479,2023-02-18 0:00,10:04
1480,2023-02-18 0:00,11:25
1481,2023-02-18 0:00,10:14
1482,2023-02-18 0:00,10:27
1483,2023-02-18 0:00,11:11
1484,2023-02-18 0:00,11:27
1485,2023-02-18 0:00,11:38
1486,2023-02-18 0:00,4:21
1487,2023-02-18 0:00,12:04
1488,2023-02-18 0:00,1:00
1489,2023-02-18 0:00,2:09
1490,2023-02-18 0:00,4:46
1491,2023-02-18 0:00,5:37
1492,2023-02-18 0:00,7:40
1493,2023-02-18 0:00,10:00
1494,2023-02-18,12:02
1495,2023-02-18 0:00,9:03
1496,2023-02-18 0:00,9:18
1497,2023-02-18 0:00,9:43
1498,2023-02-18 0:00,3:00
1499,2023-02-18,3:41
1500,2023-02-18 0:00,4:58
1501,2023-02-18,6:00
1502,2023-02-18 0:00,6:20
1503,2023-02-18 0:00,6:31
1504,2023-02-18 0:00,6:40
1505,2023-02-18 0:00,8:09
1506,2023-02-18 0:00,8:11
1507,2023-02-18,8:28
1508,2023-02-18 0:00,9:02
1509,2023-02-18,9:11
1510,2023-02-18 0:00,6:48
1511,2023-02-19 0:00,5:42
1512,2023-02-19 0:00,5:41
1513,2023-02-19 0:00,6:03
1514,2023-02-19,18:06
1515,2023-02-19,18:56
1516,2023-02-19,19:51
1517,2023-02-19 0:00,8:47
1518,2023-02-19,20:29
1519,2023-02-19 0:00,8:47
1520,2023-02-19 0:00,8:50
1521,2023-02-19,21:00
1522,2023-02-19 0:00,10:55
1523,2023-02-19,23:51
1524,2023-02-19,17:42
1525,2023-02-19 0:00,7:57
1526,2023-02-19 0:00,5:32
1527,2023-02-19,21:24
1528,2023-02-19 0:00,5:27
1529,2023-02-19 0:00,5:31
1530,2023-02-19,6:48
1531,2023-02-19 0:00,9:27
1532,2023-02-19 0:00,1:30
1533,2023-02-17,10:45
1534,2023-02-19,14:35
1535,2023-02-19,16:34
1536,2023-02-19 0:00,4:42
1537,2023-02-19 0:00,4:38
1538,2023-02-19 0:00,5:02
1539,2023-02-19 0:00,5:01
1540,2023-02-19,17:14
1541,2023-02-19,17:21
1542,2023-02-19,15:53
1543,2023-02-20 0:00,5:49
1544,2023-02-20 0:00,5:39
1545,2023-02-20 0:00,5:40
1546,2023-02-20,17:28
1547,2023-02-20 0:00,5:19
1548,2023-02-20 0:00,5:23
1549,2023-02-20 0:00,5:15
1550,2023-02-20,16:09
1551,2023-02-20 0:00,4:41
1552,2023-02-20,16:26
1553,2023-02-20 0:00,4:03
1554,2023-02-20 0:00,3:01
1555,2023-02-20,14:51
1556,2023-02-20 0:00,5:57
1557,2023-02-20 0:00,4:46
1558,2023-02-20 0:00,6:00
1559,2023-02-20 0:00,7:55
1560,2023-02-20 0:00,6:08
1561,2023-02-20 0:00,10:16
1562,2023-02-20 0:00,10:08
1563,2023-02-20 0:00,9:41
1564,2023-02-20 0:00,9:01
1565,2023-02-20 0:00,8:50
1566,2023-02-20,20:42
1567,2023-02-20 0:00,6:02
1568,2023-02-20,20:25
1569,2023-02-20 0:00,2:23
1570,2023-02-20 0:00,7:40
1571,2023-02-20 0:00,7:23
1572,2023-02-20 0:00,7:00
1573,2023-02-20,18:33
1574,2023-02-20 0:00,6:23
1575,2023-02-20 0:00,8:25
1576,2023-02-20 0:00,2:22
1577,2023-02-20,14:44
1578,2023-02-20 0:00,1:50
1579,2023-02-20 0:00,7:23
1580,2023-02-20,7:25
1581,2023-02-20 0:00,7:01
1582,2023-02-20 0:00,6:58
1583,2023-02-20,6:44
1584,2023-02-20 0:00,6:08
1585,2023-02-20,6:00
1586,2023-02-20 0:00,8:00
1587,2023-02-20 0:00,5:13
1588,2023-02-20 0:00,2:08
1589,2023-02-20 0:00,3:00
1590,2023-02-20 0:00,12:06
1591,2023-02-20 0:00,12:03
1592,2023-02-19 0:00,7:33
1593,2023-02-19 0:00,6:37
1594,2023-02-20 0:00,5:12
1595,2023-02-20 0:00,9:09
1596,2023-02-20 0:00,3:00
1597,2023-02-20 0:00,9:50
1598,2023-02-20 0:00,9:23
1599,2023-02-20 0:00,1:40
1600,2023-02-20 0:00,1:15
1601,2023-02-20 0:00,12:15
1602,2023-02-20 0:00,12:14
1603,2023-02-20 0:00,12:02
1604,2023-02-20,11:50
1605,2023-02-20,11:38
1606,2023-02-20 0:00,12:31
1607,2023-02-20,11:42
1608,2023-02-20 0:00,11:31
1609,2023-02-20 0:00,11:23
1610,2023-02-20,11:16
1611,2023-02-20 0:00,10:55
1612,2023-02-20 0:00,10:51
1613,2023-02-20,10:00
1614,2023-02-21 0:00,1:55
1615,2023-02-21 0:00,2:07
1616,2023-02-21 0:00,12:41
1617,2023-02-21 0:00,12:17
1618,2023-02-21 0:00,11:13
1619,2023-02-21 0:00,1:48
1620,2023-02-21 0:00,11:25
1621,2023-02-21 0:00,10:00
1622,2023-02-21 0:00,3:32
1623,2023-02-21 0:00,5:39
1624,2023-02-21,17:46
1625,2023-02-21 0:00,6:03
1626,2023-02-21 0:00,6:32
1627,2023-02-21,20:53
1628,2023-02-21 0:00,10:28
1629,2023-02-21 0:00,10:54
1630,2023-02-21 0:00,11:00
1631,2023-02-21 0:00,10:08
1632,2023-02-21 0:00,9:47
1633,2023-02-21 0:00,10:34
1634,2023-02-21 0:00,12:49
1635,2023-02-21 0:00,3:00
1636,2023-02-21 0:00,3:00
1637,2023-02-21 0:00,4:03
1638,2023-02-21 0:00,5:05
1639,2023-02-21 0:00,5:55
1640,2023-02-21,2:56
1641,2023-02-21,6:00
1642,2023-02-21,6:00
1643,2023-02-21,8:53
1644,2023-02-21 0:00,8:38
1645,2023-02-21 0:00,8:43
1646,2023-02-21 0:00,7:01
1647,2023-02-21,6:38
1648,2023-02-21 0:00,6:23
1649,2023-02-21 0:00,6:30
1650,2023-02-21 0:00,7:11
1651,2023-02-22 0:00,2:02
1652,2023-02-22,14:52
1653,2023-02-22 0:00,1:57
1654,2023-02-22 0:00,2:06
1655,2023-02-22,14:01
1656,2023-02-22 0:00,1:58
1657,2023-02-22 0:00,1:42
1658,2023-02-22 0:00,3:56
1659,2023-02-22 0:00,2:22
1660,2023-02-22 0:00,4:02
1661,2023-02-22,18:33
1662,2023-02-22,16:12
1663,2023-02-22 0:00,10:01
1664,2023-02-22,21:33
1665,2023-02-22 0:00,9:16
1666,2023-02-22 0:00,7:12
1667,2023-02-22,11:00
1668,2023-02-22,18:54
1669,2023-02-22,13:35
1670,2023-02-22 0:00,6:25
1671,2023-02-22 0:00,5:26
1672,2023-02-22 0:00,5:00
1673,2023-02-22 0:00,4:32
1674,2023-02-22 0:00,12:16
1675,2023-02-22 0:00,4:23
1676,2023-02-22,12:05
1677,2023-02-22 0:00,10:06
1678,2023-02-22 0:00,10:01
1679,2023-02-22,08:19 2023-02-22
1680,2023-02-22 0:00,1:53
1681,2023-02-22 0:00,12:42
1682,2023-02-22 0:00,12:02
1683,2023-02-21,19:36
1684,2023-02-22 0:00,12:10
1685,2023-02-22 0:00,10:07
1686,2023-02-22 0:00,10:12
1687,2023-02-22 0:00,7:37
1688,2023-02-22 0:00,11:37
1689,2023-02-22 0:00,11:24
1690,2023-02-22 0:00,11:08
1691,2023-02-22 0:00,11:00
1692,2023-02-22 0:00,11:16
1693,2023-02-22 0:00,10:57
1694,2023-02-22,10:44
1695,2023-02-22,10:24
1696,2023-02-22 0:00,10:34
1697,2023-02-22 0:00,10:34
1698,2023-02-22 0:00,10:34
1699,2023-02-22 0:00,10:28
1700,2023-02-23 0:00,12:32
1701,2023-02-23 0:00,2:35
1702,2023-02-23 0:00,12:09
1703,2023-02-23 0:00,12:47
1704,2023-02-23 0:00,1:31
1705,2023-06-27,|
1706,2023-02-23,15:12
1707,2023-02-23 0:00,2:24
1708,2023-02-23 0:00,6:14
1709,2023-02-23 0:00,4:22
1710,2023-02-23,16:29
1711,2023-02-23 0:00,5:18
1712,2023-02-23 0:00,5:24
1713,2023-02-23 0:00,5:40
1714,2023-02-23 0:00,7:21
1715,2023-02-23,23:13
1716,2023-02-23 0:00,11:33
1717,2023-02-23,16:05
1718,2023-02-23 0:00,10:59
1719,2023-02-23,10:44
1720,2023-02-22,21:31
1721,2023-02-23 0:00,12:02
1722,2023-02-23 0:00,10:47
1723,2023-02-23 0:00,3:00
1724,2023-02-23 0:00,3:00
1725,2023-02-23 0:00,3:00
1726,2023-02-23 0:00,4:04
1727,2023-02-23 0:00,12:06
1728,2023-02-23,6:00
1729,2023-02-23 0:00,4:41
1730,2023-02-23 0:00,10:22
1731,2023-02-23 0:00,9:45
1732,2023-02-23 0:00,9:25
1733,2023-02-23 0:00,10:18
1734,2023-02-23,9:15
1735,2023-02-23,8:14
1736,2023-02-23 0:00,7:38
1737,2023-02-23 0:00,6:22
1738,2023-02-23 0:00,9:12
1739,2023-02-24,14:20
1740,2023-02-24 0:00,3:07
1741,2023-02-24 0:00,4:03
1742,2023-02-24 0:00,4:31
1743,2023-02-24 0:00,6:00
1744,2023-02-24 0:00,8:08
1745,2023-02-24 0:00,9:19
1746,2023-02-24 0:00,1:33
1747,2023-02-24 0:00,1:32
1748,2023-02-24 0:00,9:40
1749,2023-02-24 0:00,10:53
1750,2023-02-24 0:00,1:28
1751,2023-02-24 0:00,12:03
1752,2023-02-24 0:00,12:03
1753,2023-02-24 0:00,3:00
1754,2023-02-24,6:00
1755,2023-02-24 0:00,9:11
1756,2023-02-24 0:00,9:33
1757,2023-02-24 0:00,9:47
1758,2023-02-24,9:50
1759,2023-02-24 0:00,10:18
1760,2023-02-24 0:00,10:29
1761,2023-02-25 0:00,8:28
1762,2023-02-25 0:00,8:47
1763,2023-02-25,1:00
1764,2023-02-25 0:00,4:30
1765,2023-02-26 0:00,7:00
1766,2023-02-26 0:00,5:24
1767,2023-02-26,11:00
1768,2023-02-26 0:00,9:54
1769,2023-02-26 0:00,6:00
1770,2023-02-27,13:58
1771,2023-02-27,14:32
1772,2023-02-27 0:00,2:59
1773,2023-02-27 0:00,3:20
1774,2023-02-27,15:44
1775,2023-02-27 0:00,4:24
1776,2023-02-27 0:00,8:30
1777,2023-02-27 0:00,1:55
1778,2023-02-27 0:00,3:50
1779,2023-02-27 0:00,1:23
1780,2023-02-27,12:33
1781,2023-02-27 0:00,12:39
1782,2023-02-27 0:00,12:45
1783,2023-02-26 0:00,7:17
1784,2023-02-27 0:00,9:28
1785,2023-02-27 0:00,10:04
1786,2023-02-27 0:00,10:07
1787,2023-02-27 0:00,10:25
1788,2023-06-27 0:00,12:00
1789,2023-02-27 0:00,10:52
1790,2023-02-27,10:05
1791,2023-02-28 0:00,2:12
1792,2023-02-28 0:00,4:26
1793,2023-02-28,15:13
1794,2023-02-28 0:00,2:07
1795,2023-02-28 0:00,2:47
1796,2023-02-28 0:00,1:44
1797,2023-02-28 0:00,9:56
1798,2023-02-28 0:00,8:44
1799,2023-02-24 0:00,9:46
1800,2023-02-27,21:18
1801,2023-02-28 0:00,1:55
1802,2022-11-14 0:00,5:48
1803,2022-11-20 0:00,6:42
1804,2022-11-20 0:00,5:21
1805,2022-11-21 0:00,5:23
1806,2022-11-21 0:00,12:00
1807,2022-11-23 0:00,5:57
1808,2022-11-23 0:00,5:33
1809,2022-11-24 0:00,6:36
1810,2022-11-25 0:00,5:47
1811,2022-11-25 0:00,7:57
1812,2022-11-27 0:00,5:17
1813,2022-11-28 0:00,8:48
1814,2022-11-28 0:00,9:02
1815,2022-11-28 0:00,12:10
1816,2022-11-28 0:00,12:10
1817,2022-11-29 0:00,4:31
1818,2022-11-29 0:00,1:02
1819,2022-11-29 0:00,9:19
1820,2022-11-29 0:00,10:20
1821,2022-11-30 0:00,6:53
1822,2022-11-30 0:00,9:46
1823,2022-12-02 0:00,4:18
1824,2022-12-04 0:00,4:31
1825,2022-12-05 0:00,5:41
1826,2022-12-06 0:00,6:00
1827,2022-12-06 0:00,6:07
1828,2022-12-06 0:00,5:55
1829,2022-12-07 0:00,4:54
1830,2022-12-07 0:00,1:38
1831,2022-12-09 0:00,5:46
1832,2022-12-09 0:00,5:46
1833,2022-12-09 0:00,10:56
1834,2022-12-11 0:00,6:05
1835,2022-12-11 0:00,5:17
1836,2022-12-11 0:00,3:49
1837,2022-12-12 0:00,5:56
1838,2022-12-13 0:00,2:53
1839,2022-12-14 0:00,6:02
1840,2022-12-16 0:00,12:10
1841,2022-12-18 0:00,4:53
1842,2022-12-19 0:00,5:46
1843,2022-12-20 0:00,10:24
1844,2022-12-21 0:00,12:10
1845,2022-12-22 0:00,5:24
1846,2022-12-22 0:00,5:35
1847,2022-12-22 0:00,6:31
1848,2022-12-22 0:00,10:04
1849,2022-12-25 0:00,7:05
1850,2022-12-26 0:00,6:33
1851,2022-12-26 0:00,8:03
1852,2022-12-26 0:00,8:14
1853,2022-12-26 0:00,2:12
1854,2022-12-26 0:00,11:10
1855,2022-12-27 0:00,5:21
1856,2022-12-27 0:00,6:36
1857,2022-12-27 0:00,7:17
1858,2022-12-28 0:00,6:40
1859,2023-01-01 0:00,5:21
1860,2023-01-01 0:00,5:54
1861,2023-01-01 0:00,4:19
1862,2023-01-02 0:00,6:33
1863,2023-01-02 0:00,4:27
1864,2023-01-05 0:00,8:18
1865,2023-01-09 0:00,4:08
1866,2023-01-10 0:00,10:58
1867,2023-01-11 0:00,3:24
1868,2023-01-11 0:00,5:54
1869,2023-01-12 0:00,9:00
1870,2023-01-13 0:00,10:10
1871,2023-01-14 0:00,10:03
1872,2023-01-16 0:00,8:15
1873,2023-01-17 0:00,10:05
1874,2023-01-18 0:00,5:06
1875,2023-01-18 0:00,8:03
1876,2023-01-18 0:00,10:08
1877,2023-01-20 0:00,1:34
1878,2023-01-20 0:00,2:18
1879,2023-01-24 0:00,4:15
1880,2023-01-24 0:00,1:32
1881,2023-01-24 0:00,9:01
1882,2023-01-24 0:00,10:43
1883,2023-01-25 0:00,8:16
1884,2023-01-27 0:00,4:47
1885,2023-01-28 0:00,5:30
1886,2023-01-31 0:00,5:28
1887,2023-01-31 0:00,2:21
1888,2023-01-31 0:00,9:03
1889,2023-01-31 0:00,5:51
1890,2023-02-01 0:00,12:01
1891,2023-02-01 0:00,4:35
1892,2023-02-01 0:00,5:54
1893,2023-02-01 0:00,12:00
1894,2023-02-01 0:00,11:18
1895,2023-02-02 0:00,2:59
1896,2023-02-02 0:00,8:34
1897,2023-02-03 0:00,1:48
1898,2023-02-05 0:00,5:03
1899,2023-02-06 0:00,10:52
1900,2023-02-08 0:00,6:22
1901,2023-02-08 0:00,6:49
1902,2023-02-09 0:00,12:00
1903,2023-02-12 0:00,5:26
1904,2023-02-13 0:00,6:57
1905,2023-02-13 0:00,12:10
1906,2023-02-15 0:00,4:35
1907,2023-02-16 0:00,6:17
1908,2023-02-16 0:00,6:00
1909,2023-02-17 0:00,6:15
1910,2023-02-17 0:00,5:39
1911,2023-02-17 0:00,8:46
1912,2023-02-18 0:00,4:07
1913,2023-02-18 0:00,5:34
1914,2023-02-18 0:00,9:18
1915,2023-02-19 0:00,6:42
1916,2023-02-19 0:00,5:22
1917,2023-02-20 0:00,6:06
1918,2023-02-20 0:00,6:33
1919,2023-02-20 0:00,11:46
1920,2023-02-21 0:00,2:44
1921,2023-02-22 0:00,5:58
1922,2023-02-22 0:00,7:18
1923,2023-02-23 0:00,7:00
1924,2023-02-24 0:00,5:35
1925,2023-02-24 0:00,5:41
1926,2023-02-24 0:00,6:21
1927,2023-02-24 0:00,6:00
1928,2023-02-25 0:00,8:36
1929,2023-02-25 0:00,5:08
1930,2023-02-25 0:00,9:00
1931,2023-02-26 0:00,7:24
1932,2023-02-28 0:00,4:41
1933,2023-02-28 0:00,12:58
1934,2023-03-01 0:00,8:03
1935,2023-03-01,20:08
1936,2023-03-01 0:00,8:17
1937,2023-03-01 0:00,8:21
1938,2023-03-01 0:00,8:26
1939,2023-03-01,20:22
1940,2023-03-01 0:00,8:30
1941,2023-03-01 0:00,9:30
1942,2023-03-01 0:00,8:57
1943,2023-03-01,21:07
1944,2023-03-01 0:00,9:35
1945,2023-03-01,21:59
1946,2023-03-01 0:00,9:56
1947,2023-03-01 0:00,11:16
1948,2023-03-01 0:00,7:57
1949,2023-03-01 0:00,8:44
1950,2023-03-01 0:00,7:58
1951,2023-03-01 0:00,7:44
1952,2023-03-01 0:00,7:52
1953,2023-06-27 0:00,12:00
1954,2023-03-01,1:00
1955,2023-03-01 0:00,7:33
1956,2023-03-01 0:00,9:36
1957,2023-03-01 0:00,10:44
1958,2023-03-01 0:00,5:01
1959,2023-03-01 0:00,6:41
1960,2023-03-01 0:00,4:37
1961,2023-03-01 0:00,6:48
1962,2023-03-01 0:00,7:30
1963,2023-03-01 0:00,7:53
1964,2023-03-01,19:31
1965,2023-03-01,19:43
1966,2023-03-01,19:49
1967,2023-03-01 0:00,7:50
1968,2023-03-02 0:00,5:05
1969,2023-03-02 0:00,3:44
1970,2023-03-02,15:38
1971,2023-03-02,15:48
1972,2023-03-02,18:01
1973,2023-03-02 0:00,10:19
1974,2023-03-02 0:00,6:48
1975,2023-03-02 0:00,7:24
1976,2023-03-02 0:00,7:35
1977,2023-03-02 0:00,8:04
1978,2023-03-02 0:00,3:24
1979,2023-03-02 0:00,5:44
1980,2023-03-02,14:59
1981,2023-03-01,19:13
1982,2023-03-01,19:15
1983,2023-03-02 0:00,12:21
1984,2023-03-02 0:00,4:06
1985,2023-03-02,15:16
1986,2023-03-02 0:00,7:04
1987,2023-03-02,7:07
1988,2023-03-02 0:00,7:37
1989,2023-03-02 0:00,9:58
1990,2023-03-02,6:00
1991,2023-03-02 0:00,11:17
1992,2023-03-02 0:00,11:47
1993,2023-03-02,11:50
1994,2023-06-27,|
1995,2023-03-02 0:00,1:00
1996,2023-03-02,14:44
1997,2023-03-02,10:55
1998,2023-03-03 0:00,1:51
1999,2023-03-03 0:00,4:22
2000,2023-03-03 0:00,9:56
2001,2023-03-03 0:00,5:44
2002,2023-03-03 0:00,7:22
2003,2023-03-03,20:22
2004,2023-03-03 0:00,7:38
2005,2023-02-24 0:00,4:21
2006,2023-03-03 0:00,3:00
2007,2023-03-03 0:00,1:08
2008,2023-03-03,1:00
2009,2023-03-02,19:36
2010,2023-03-04 0:00,6:51
2011,2023-03-04 0:00,6:49
2012,2023-03-04 0:00,3:00
2013,2023-03-04 0:00,3:00
2014,2023-03-04 0:00,6:30
2015,2023-03-05 0:00,8:30
2016,2023-03-05 0:00,10:17
2017,2023-03-05,22:06
2018,2023-03-05,16:44
2019,2023-03-05 0:00,8:16
2020,2023-03-05,17:23
2021,2023-03-05 0:00,3:23
2022,2023-03-05,17:24
2023,2023-03-05,16:34
2024,2023-03-05 0:00,7:19
2025,2023-03-05 0:00,4:15
2026,2023-03-05 0:00,7:00
2027,2023-03-05 0:00,4:38
2028,2023-03-05 0:00,1:20
2029,2023-03-05 0:00,2:05
2030,2023-03-05 0:00,3:57
2031,2023-03-05 0:00,4:07
2032,2023-03-05 0:00,11:15
2033,2023-03-06 0:00,10:58
2034,2023-03-06 0:00,9:29
2035,2023-03-06 0:00,6:53
2036,2023-03-06,18:47
2037,2023-03-06 0:00,6:26
2038,2023-03-06 0:00,6:27
2039,2023-03-06 0:00,5:55
2040,2023-03-06 0:00,5:57
2041,2023-03-06 0:00,4:02
2042,2023-03-06 0:00,2:25
2043,2023-03-06 0:00,3:00
2044,2023-03-06 0:00,4:05
2045,2023-03-06 0:00,3:00
2046,2023-03-06 0:00,10:01
2047,2023-03-06 0:00,1:39
2048,2023-03-05,16:36
2049,2023-03-07 0:00,10:24
2050,2023-03-07 0:00,2:57
2051,2023-03-07 0:00,10:48
2052,2023-03-07,13:14
2053,2023-03-07 0:00,2:47
2054,2023-03-07,16:20
2055,2023-03-07 0:00,6:25
2056,2023-03-07 0:00,6:38
2057,2023-03-07 0:00,11:12
2058,2023-03-07,10:15
2059,2023-03-07 0:00,5:27
2060,2023-03-07 0:00,10:11
2061,2023-03-07 0:00,4:28
2062,2023-03-07,9:35
2063,2023-03-07 0:00,9:41
2064,2023-03-06,21:18
2065,2023-03-07 0:00,12:00
2066,2023-03-07 0:00,3:00
2067,2023-03-07 0:00,2:11
2068,2023-03-07 0:00,7:46
2069,2023-03-07 0:00,8:17
2070,2023-03-07 0:00,7:52
2071,2023-03-07,8:52
2072,2023-03-07 0:00,8:54
2073,2023-03-07 0:00,9:14
2074,2023-03-08 0:00,3:49
2075,2023-03-08 0:00,3:55
2076,2023-03-08 0:00,5:20
2077,2023-03-08 0:00,5:48
2078,2023-03-08 0:00,5:48
2079,2023-03-08,18:01
2080,2023-03-08 0:00,6:22
2081,2023-03-08 0:00,8:46
2082,2023-03-08 0:00,5:36
2083,2023-03-08 0:00,3:21
2084,2023-03-08 0:00,3:42
2085,2023-03-08 0:00,12:10
2086,2023-03-08 0:00,4:04
2087,2023-03-08 0:00,3:05
2088,2023-03-08 0:00,7:40
2089,2023-03-08 0:00,7:38
2090,2023-03-08,9:05
2091,2023-03-08 0:00,9:50
2092,2023-03-08,6:00
2093,2023-03-08 0:00,10:21
2094,2023-03-08 0:00,1:18
2095,2023-06-27 0:00,12:00
2096,2023-03-08 0:00,2:41
2097,2023-03-08,11:16
2098,2023-03-08 0:00,11:26
2099,2023-03-09 0:00,3:56
2100,2023-03-09 0:00,4:45
2101,2023-03-09 0:00,4:51
2102,2023-03-09 0:00,4:28
2103,2023-03-09,16:06
2104,2023-03-09 0:00,3:54
2105,2023-03-09,22:39
2106,2023-03-09 0:00,3:08
2107,2023-03-08 0:00,8:43
2108,2023-03-09 0:00,12:10
2109,2023-03-09 0:00,3:03
2110,2023-03-09,6:00
2111,2023-03-09 0:00,9:22
2112,2023-03-09 0:00,11:05
2113,2023-03-09 0:00,3:00
2114,2023-03-10 0:00,5:31
2115,2023-03-10 0:00,5:19
2116,2023-03-10 0:00,5:13
2117,2023-03-10 0:00,4:53
2118,2023-03-10,16:49
2119,2023-03-10 0:00,4:48
2120,2023-03-10 0:00,3:55
2121,2023-03-10 0:00,2:46
2122,2023-03-10 0:00,3:17
2123,2023-03-10,15:03
2124,2023-03-10 0:00,3:00
2125,2023-03-10 0:00,5:40
2126,2023-03-10 0:00,2:43
2127,2023-03-10 0:00,2:30
2128,2023-03-10 0:00,2:19
2129,2023-03-10 0:00,1:59
2130,2023-03-10,13:55
2131,2023-03-10 0:00,3:30
2132,2023-03-10 0:00,5:40
2133,2023-03-10 0:00,7:22
2134,2023-03-10,18:02
2135,2023-03-10 0:00,11:35
2136,2023-03-10 0:00,11:59
2137,2023-03-10 0:00,11:13
2138,2023-03-10 0:00,10:41
2139,2023-03-10 0:00,10:38
2140,2023-03-10,22:15
2141,2023-03-10 0:00,9:59
2142,2023-03-10 0:00,10:02
2143,2023-03-10 0:00,10:01
2144,2023-03-10 0:00,6:06
2145,2023-03-10,22:00
2146,2023-03-10 0:00,9:26
2147,2023-03-10 0:00,9:26
2148,2023-03-10 0:00,8:51
2149,2023-03-10,20:27
2150,2023-03-10 0:00,8:10
2151,2023-03-10 0:00,8:06
2152,2023-03-10 0:00,7:29
2153,2023-03-10 0:00,1:59
2154,2023-03-10 0:00,6:24
2155,2023-03-10 0:00,9:53
2156,2023-03-10,13:36
2157,2023-03-10 0:00,12:42
2158,2023-03-10,13:21
2159,2023-03-10,10:24
2160,2023-03-10 0:00,10:24
2161,2023-03-10 0:00,10:12
2162,2023-03-10 0:00,9:46
2163,2023-03-10 0:00,9:35
2164,2023-03-10 0:00,9:33
2165,2023-03-10,9:03
2166,2023-03-10 0:00,7:44
2167,2023-03-10 0:00,4:05
2168,2023-03-10 0:00,3:00
2169,2023-03-10 0:00,1:04
2170,2023-03-10,1:00
2171,2023-03-09,20:31
2172,2023-03-09,19:59
2173,2023-03-10 0:00,1:24
2174,2023-03-10 0:00,10:31
2175,2023-03-10 0:00,10:28
2176,2023-03-10 0:00,10:39
2177,2023-03-10,12:32
2178,2023-03-10 0:00,12:11
2179,2023-03-10,12:10
2180,2023-03-10 0:00,12:02
2181,2023-03-10 0:00,11:29
2182,2023-03-10 0:00,11:18
2183,2023-03-10 0:00,11:16
2184,2023-03-10 0:00,11:07
2185,2023-03-10 0:00,10:39
2186,2023-03-10 0:00,10:56
2187,2023-03-10 0:00,11:00
2188,2023-06-27 0:00,12:00
2189,2023-03-10 0:00,10:48
2190,2023-03-10 0:00,10:45
2191,2023-03-10 0:00,10:43
2192,2023-03-10,10:45
2193,2023-03-10,10:44
2194,2023-03-10 0:00,10:40
2195,2023-03-10 0:00,10:41
2196,2023-03-10 0:00,10:59
2197,2023-03-11 0:00,7:31
2198,2023-03-11 0:00,12:38
2199,2023-03-11 0:00,11:59
2200,2023-03-11 0:00,7:15
2201,2023-03-11,7:28
2202,2023-03-11 0:00,7:07
2203,2023-03-11 0:00,3:00
2204,2023-03-11 0:00,12:26
2205,2023-03-11 0:00,12:08
2206,2023-03-11,0:05
2207,2023-03-12 0:00,6:38
2208,2023-03-12 0:00,6:45
2209,2023-03-12 0:00,6:49
2210,2023-03-12 0:00,6:45
2211,2023-03-12 0:00,7:17
2212,2023-03-12 0:00,7:56
2213,2023-03-12 0:00,7:58
2214,2023-03-12,20:58
2215,2023-03-12,21:47
2216,2023-03-12 0:00,6:56
2217,2023-03-12 0:00,5:45
2218,2023-03-12,18:06
2219,2023-03-12 0:00,7:18
2220,2023-03-12 0:00,9:05
2221,2023-03-12 0:00,9:16
2222,2023-03-12 0:00,5:00
2223,2023-03-12 0:00,11:08
2224,2023-03-12,13:29
2225,2023-03-12 0:00,2:29
2226,2023-03-12 0:00,11:00
2227,2023-03-12 0:00,3:28
2228,2023-03-12 0:00,4:04
2229,2023-03-12 0:00,2:35
2230,2023-03-12 0:00,4:45
2231,2023-03-12 0:00,3:02
2232,2023-03-13 0:00,5:34
2233,2023-03-13 0:00,7:09
2234,2023-03-13 0:00,9:04
2235,2023-03-13 0:00,10:30
2236,2023-03-13 0:00,9:49
2237,2023-03-13 0:00,4:27
2238,2023-03-13,21:35
2239,2023-03-13 0:00,4:20
2240,2023-03-13,16:19
2241,2023-03-12,19:16
2242,2023-03-12,19:21
2243,2023-03-13 0:00,4:04
2244,2023-03-13 0:00,5:00
2245,2023-03-13 0:00,6:51
2246,2023-03-13,11:29
2247,2023-03-13,11:41
2248,2023-03-13 0:00,12:22
2249,2023-03-13 0:00,1:44
2250,2023-03-14 0:00,5:32
2251,2023-03-14,7:10
2252,2023-03-14,23:41
2253,2023-03-14 0:00,6:58
2254,2023-03-14,18:56
2255,2023-03-14 0:00,6:44
2256,2023-03-14 0:00,6:25
2257,2023-03-14 0:00,6:00
2258,2023-03-14 0:00,5:54
2259,2023-03-14 0:00,5:29
2260,2023-03-14 0:00,4:54
2261,2023-03-14 0:00,5:06
2262,2023-03-13,21:16
2263,2023-03-14 0:00,12:02
2264,2023-03-14 0:00,12:02
2265,2023-03-14 0:00,5:16
2266,2023-03-14 0:00,3:00
2267,2023-03-14 0:00,10:51
2268,2023-03-14 0:00,12:19
2269,2023-03-14,16:19
2270,2023-03-14 0:00,4:58
2271,2023-03-14 0:00,10:20
2272,2023-03-15 0:00,5:45
2273,2023-03-15 0:00,5:23
2274,2023-03-15 0:00,5:41
2275,2023-03-15 0:00,5:44
2276,2023-03-15 0:00,5:54
2277,2023-03-15 0:00,5:03
2278,2023-03-15 0:00,8:17
2279,2023-03-15 0:00,9:06
2280,2023-03-15 0:00,9:38
2281,2023-03-15 0:00,7:00
2282,2023-03-15 0:00,7:02
2283,2023-03-15 0:00,4:15
2284,2023-03-15,21:16
2285,2023-03-15 0:00,3:49
2286,2023-03-15,6:30
2287,2023-03-15 0:00,7:53
2288,2023-03-15 0:00,2:05
2289,2023-03-15,9:19
2290,2023-03-15 0:00,9:51
2291,2023-03-15 0:00,10:39
2292,2023-03-15 0:00,3:54
2293,2023-03-15 0:00,2:12
2294,2023-03-15 0:00,2:15
2295,2023-03-15 0:00,2:15
2296,2023-03-15,14:18
2297,2023-03-15,14:29
2298,2023-03-15 0:00,2:35
2299,2023-03-15 0:00,10:50
2300,2023-03-16 0:00,7:15
2301,2023-03-16,19:19
2302,2023-03-16,19:20
2303,2023-03-16,19:29
2304,2023-03-16 0:00,7:38
2305,2023-03-16,19:43
2306,2023-03-16 0:00,8:48
2307,2023-03-16 0:00,8:05
2308,2023-03-16 0:00,8:20
2309,2023-03-16 0:00,9:02
2310,2023-03-16 0:00,10:13
2311,2023-03-16 0:00,11:07
2312,2023-03-16 0:00,7:11
2313,2023-03-16 0:00,7:59
2314,2023-03-16 0:00,11:34
2315,2023-03-16 0:00,6:49
2316,2023-03-16 0:00,7:06
2317,2023-03-16,6:30
2318,2023-03-16 0:00,7:37
2319,2023-06-27,|
2320,2023-03-16,15:10
2321,2023-03-16 0:00,4:33
2322,2023-03-16 0:00,6:04
2323,2023-03-16,18:28
2324,2023-03-16,14:58
2325,2023-03-17 0:00,4:59
2326,2023-03-17 0:00,5:15
2327,2023-03-17 0:00,5:25
2328,2023-03-17 0:00,8:48
2329,2023-03-17 0:00,7:30
2330,2023-03-17,22:48
2331,2023-03-17 0:00,1:23
2332,2023-03-17 0:00,2:20
2333,2023-03-17 0:00,9:58
2334,2023-03-17 0:00,9:28
2335,2023-03-17 0:00,9:07
2336,2023-03-17 0:00,8:33
2337,2023-03-17 0:00,8:52
2338,2023-03-17 0:00,6:43
2339,2023-03-17,5:15
2340,2023-03-17 0:00,4:44
2341,2023-03-17 0:00,12:10
2342,2023-03-17 0:00,12:37
2343,2023-03-18 0:00,9:55
2344,2023-03-18 0:00,10:21
2345,2023-03-18 0:00,9:51
2346,2023-03-19 0:00,10:19
2347,2023-03-19 0:00,6:13
2348,2023-03-19 0:00,4:11
2349,2023-03-19,16:19
2350,2023-03-19 0:00,2:50
2351,2023-03-19 0:00,1:24
2352,2023-03-19 0:00,1:00
2353,2023-03-19 0:00,11:29
2354,2023-03-19 0:00,9:34
2355,2023-03-19,8:59
2356,2023-03-19 0:00,8:53
2357,2023-03-19 0:00,7:00
2358,2023-03-19 0:00,3:03
2359,2023-03-20 0:00,5:45
2360,2023-03-20 0:00,5:33
2361,2023-03-20 0:00,4:59
2362,2023-03-20 0:00,4:50
2363,2023-03-20 0:00,3:53
2364,2023-03-20 0:00,5:55
2365,2023-03-20 0:00,7:31
2366,2023-03-20 0:00,6:55
2367,2023-03-20 0:00,8:06
2368,2023-03-20,20:38
2369,2023-03-20 0:00,9:12
2370,2023-03-20 0:00,10:08
2371,2023-03-20 0:00,10:16
2372,2023-03-20,15:44
2373,2023-03-20,18:12
2374,2023-03-20 0:00,3:31
2375,2023-03-20 0:00,9:57
2376,2023-03-20,15:03
2377,2023-03-20 0:00,1:43
2378,2023-03-20 0:00,3:00
2379,2023-03-20 0:00,4:06
2380,2023-03-20,6:00
2381,2023-03-20 0:00,9:18
2382,2023-03-20 0:00,9:33
2383,2023-03-20,9:44
2384,2023-03-20 0:00,9:47
2385,2023-03-20 0:00,9:47
2386,2023-03-20 0:00,10:22
2387,2023-03-20 0:00,1:42
2388,2023-03-20 0:00,2:54
2389,2023-03-20 0:00,2:40
2390,2023-03-20 0:00,2:30
2391,2023-03-20 0:00,1:48
2392,2023-03-20 0:00,2:19
2393,2023-03-20,12:22
2394,2023-03-20 0:00,10:07
2395,2023-03-20 0:00,11:26
2396,2023-03-20 0:00,11:15
2397,2023-03-20 0:00,11:08
2398,2023-03-21 0:00,5:23
2399,2023-03-21 0:00,5:01
2400,2023-03-21 0:00,3:08
2401,2023-03-21 0:00,3:45
2402,2023-03-21 0:00,3:18
2403,2023-03-21 0:00,6:39
2404,2023-03-21 0:00,4:09
2405,2023-03-21 0:00,7:03
2406,2023-03-21 0:00,7:25
2407,2023-03-21 0:00,7:26
2408,2023-03-21 0:00,7:44
2409,2023-03-21 0:00,8:13
2410,2023-03-21 0:00,8:23
2411,2023-03-21 0:00,8:26
2412,2023-03-21 0:00,9:10
2413,2023-03-21,21:19
2414,2023-03-21,14:42
2415,2023-03-21,22:14
2416,2023-03-21 0:00,10:13
2417,2023-03-21 0:00,2:47
2418,2023-03-21 0:00,2:15
2419,2023-03-21 0:00,2:32
2420,2023-03-21 0:00,12:05
2421,2023-03-21 0:00,2:35
2422,2023-03-21 0:00,3:00
2423,2023-03-21 0:00,3:00
2424,2023-03-21 0:00,2:39
2425,2023-03-21,5:00
2426,2023-03-21 0:00,9:18
2427,2023-03-21 0:00,9:46
2428,2023-03-21 0:00,10:38
2429,2023-03-21,11:03
2430,2023-03-21 0:00,4:03
2431,2023-06-27,|
2432,2023-03-21 0:00,2:22
2433,2023-03-21 0:00,12:00
2434,2023-03-21 0:00,2:04
2435,2023-03-21 0:00,2:14
2436,2023-03-21 0:00,1:56
2437,2023-03-21 0:00,2:03
2438,2023-03-21,13:18
2439,2023-03-21 0:00,1:16
2440,2023-03-21,13:12
2441,2023-03-21 0:00,12:52
2442,2023-03-21 0:00,12:40
2443,2023-03-22 0:00,2:38
2444,2023-03-22 0:00,2:54
2445,2023-03-22 0:00,2:58
2446,2023-03-22,15:13
2447,2023-03-22 0:00,4:31
2448,2023-03-22 0:00,4:46
2449,2023-03-22 0:00,5:45
2450,2023-03-22 0:00,5:50
2451,2023-03-22 0:00,2:17
2452,2023-03-22 0:00,3:29
2453,2023-03-22 0:00,2:08
2454,2023-03-22 0:00,10:50
2455,2023-06-27,|
2456,2023-03-21 0:00,8:03
2457,2023-03-21,15:06
2458,2023-03-22 0:00,4:04
2459,2023-03-22,5:35
2460,2023-03-22,6:00
2461,2023-03-22 0:00,1:37
2462,2023-03-22 0:00,9:28
2463,2023-03-22 0:00,12:33
2464,2023-03-22 0:00,11:13
2465,2023-03-22,7:00
2466,2023-03-22 0:00,11:01
2467,2023-03-23 0:00,8:19
2468,2023-03-23,16:32
2469,2023-03-23,18:16
2470,2023-03-23,18:11
2471,2023-03-23 0:00,5:30
2472,2023-03-23 0:00,6:15
2473,2023-03-23 0:00,3:00
2474,2023-03-23 0:00,3:00
2475,2023-03-23 0:00,3:59
2476,2023-03-23,8:38
2477,2023-03-23 0:00,11:01
2478,2023-03-23,14:11
2479,2023-03-23,9:05
2480,2023-03-23 0:00,1:24
2481,2023-03-24 0:00,10:42
2482,2023-03-24 0:00,11:41
2483,2023-03-24 0:00,11:02
2484,2023-03-24,22:47
2485,2023-03-24,10:45
2486,2023-03-24 0:00,9:34
2487,2023-03-24 0:00,12:10
2488,2023-03-24 0:00,12:03
2489,2023-03-26,21:21
2490,2023-03-26 0:00,5:22
2491,2023-03-26 0:00,4:32
2492,2023-06-27 0:00,12:00
2493,2023-03-26,15:26
2494,2023-03-27,15:08
2495,2023-03-27 0:00,3:08
2496,2023-03-27 0:00,3:05
2497,2023-03-27 0:00,3:15
2498,2023-03-27,15:33
2499,2023-03-27 0:00,3:47
2500,2023-03-27,15:55
2501,2023-03-27 0:00,4:00
2502,2023-03-27,19:01
2503,2023-03-27 0:00,4:36
2504,2023-03-27 0:00,4:51
2505,2023-03-27 0:00,5:18
2506,2023-03-27 0:00,5:20
2507,2023-03-27 0:00,5:30
2508,2023-03-27 0:00,5:47
2509,2023-03-27 0:00,7:03
2510,2023-03-27 0:00,8:52
2511,2023-03-27 0:00,6:38
2512,2023-03-27 0:00,2:51
2513,2023-03-27 0:00,4:09
2514,2023-03-27,6:00
2515,2023-03-27 0:00,2:54
2516,2023-03-27 0:00,4:07
2517,2023-03-26,19:11
2518,2023-03-27,8:22
2519,2023-03-27 0:00,8:39
2520,2023-03-27 0:00,9:08
2521,2023-03-27 0:00,9:26
2522,2023-03-27 0:00,9:50
2523,2023-03-27,10:36
2524,2023-03-27,8:38
2525,2023-03-27 0:00,2:40
2526,2023-03-27 0:00,1:39
2527,2023-06-27 0:00,12:00
2528,2023-06-27,|
2529,2023-03-27,11:12
2530,2023-03-27 0:00,1:28
2531,2023-03-28 0:00,2:44
2532,2023-03-28 0:00,10:40
2533,2023-06-27,|
2534,2023-03-28 0:00,12:23
2535,2023-03-28 0:00,11:49
2536,2023-03-28,16:16
2537,2023-03-28 0:00,1:35
2538,2023-03-28 0:00,5:27
2539,2023-03-28,23:03
2540,2023-03-28 0:00,5:48
2541,2023-03-28 0:00,7:35
2542,2023-03-28 0:00,8:58
2543,2023-03-28,21:17
2544,2023-03-28 0:00,9:50
2545,2023-03-28 0:00,10:01
2546,2023-03-28,22:11
2547,2023-03-28 0:00,10:34
2548,2023-03-28 0:00,10:07
2549,2023-03-28 0:00,5:36
2550,2023-03-28 0:00,9:00
2551,2023-03-28 0:00,7:36
2552,2023-03-28,8:34
2553,2023-03-28 0:00,12:03
2554,2023-03-28 0:00,12:12
2555,2023-03-28,1:00
2556,2023-03-28 0:00,3:00
2557,2023-03-28 0:00,4:04
2558,2023-03-28 0:00,4:13
2559,2023-03-28 0:00,5:46
2560,2023-03-28,8:37
2561,2023-03-28 0:00,5:53
2562,2023-03-28 0:00,6:03
2563,2023-03-28 0:00,6:12
2564,2023-03-28 0:00,6:14
2565,2023-03-28 0:00,6:15
2566,2023-03-28,5:48
2567,2023-03-28 0:00,6:36
2568,2023-03-28 0:00,6:29
2569,2023-03-28 0:00,7:52
2570,2023-03-28 0:00,7:48
2571,2023-03-28 0:00,7:46
2572,2023-03-28 0:00,7:46
2573,2023-03-28,7:34
2574,2023-03-28 0:00,8:18
2575,2023-03-28,7:03
2576,2023-03-28 0:00,6:52
2577,2023-03-28 0:00,6:06
2578,2023-03-28,6:42
2579,2023-06-27 0:00,12:00
2580,2023-03-29,11:34
2581,2023-03-29 0:00,2:49
2582,2023-03-29 0:00,4:14
2583,2023-03-29 0:00,4:57
2584,2023-03-29,22:56
2585,2023-03-29 0:00,11:07
2586,2023-03-29 0:00,10:18
2587,2023-03-29 0:00,12:02
2588,2023-03-29 0:00,12:05
2589,2023-03-29 0:00,12:50
2590,2023-03-29 0:00,4:06
2591,2023-03-29,6:00
2592,2023-03-29,7:57
2593,2023-03-28,20:10
2594,2023-03-29,6:00
2595,2023-03-30 0:00,4:43
2596,2023-03-30 0:00,8:27
2597,2023-03-30 0:00,9:55
2598,2023-03-30 0:00,8:42
2599,2023-03-30,21:37
2600,2023-03-30 0:00,9:58
2601,2023-03-30 0:00,10:23
2602,2023-03-30,22:31
2603,2023-03-30 0:00,10:45
2604,2023-03-30,23:42
2605,2023-03-30 0:00,8:27
2606,2023-03-30 0:00,3:26
2607,2023-03-30 0:00,2:34
2608,2023-03-29,19:18
2609,2023-03-30 0:00,2:06
2610,2023-03-30 0:00,3:03
2611,2023-03-30 0:00,3:00
2612,2023-03-30 0:00,3:00
2613,2023-03-30 0:00,9:08
2614,2023-03-30 0:00,9:10
2615,2023-03-30,9:17
2616,2023-03-30 0:00,10:04
2617,2023-03-30 0:00,11:00
2618,2023-03-30 0:00,11:21
2619,2023-03-30 0:00,6:00
2620,2023-03-30,10:50
2621,2023-03-31,7:45
2622,2023-03-31 0:00,6:52
2623,2023-03-31 0:00,11:08
2624,2023-03-31 0:00,10:02
2625,2023-03-31,6:00
2626,2023-03-31 0:00,3:00
2627,2023-03-31 0:00,1:24
2628,2023-03-31 0:00,12:05
2629,2023-03-31 0:00,4:08
2630,2023-04-01 0:00,9:11
2631,2023-04-01 0:00,9:47
2632,2023-04-01 0:00,11:49
2633,2023-04-02,21:26
2634,2023-04-02,14:37
2635,2023-04-02,13:57
2636,2023-04-02 0:00,2:26
2637,2023-04-02,10:48
2638,2023-04-02 0:00,3:51
2639,2023-04-02 0:00,12:02
2640,2023-04-02 0:00,2:11
2641,2023-04-03 0:00,8:01
2642,2023-04-03 0:00,7:30
2643,2023-04-03,18:36
2644,2023-04-03 0:00,6:35
2645,2023-04-03 0:00,6:35
2646,2023-04-03 0:00,2:33
2647,2023-04-03 0:00,4:00
2648,2023-04-03 0:00,8:54
2649,2023-04-03 0:00,9:30
2650,2023-04-03 0:00,10:40
2651,2023-04-03 0:00,9:35
2652,2023-04-03,23:29
2653,2023-04-03,23:29
2654,2023-04-03 0:00,11:26
2655,2023-04-03 0:00,11:06
2656,2023-04-03,23:06
2657,2023-04-03 0:00,3:26
2658,2023-04-03,21:32
2659,2023-04-03 0:00,10:49
2660,2023-04-03,22:21
2661,2023-04-03,22:18
2662,2023-04-03 0:00,10:13
2663,2023-04-03 0:00,10:02
2664,2023-04-03 0:00,9:56
2665,2023-04-03 0:00,9:47
2666,2023-04-03 0:00,10:26
2667,2023-04-03,14:14
2668,2023-04-03 0:00,6:00
2669,2023-04-03,9:10
2670,2023-04-03 0:00,9:01
2671,2023-04-03,9:00
2672,2023-04-03 0:00,8:52
2673,2023-04-03,7:00
2674,2023-04-03 0:00,9:26
2675,2023-04-03 0:00,6:00
2676,2023-04-02,19:01
2677,2023-04-03,6:00
2678,2023-04-03 0:00,9:45
2679,2023-04-03 0:00,9:50
2680,2023-04-03 0:00,1:37
2681,2023-04-03 0:00,9:47
2682,2023-06-27,|
2683,2023-04-03 0:00,11:24
2684,2023-04-03 0:00,1:25
2685,2023-04-03 0:00,11:06
2686,2023-04-03 0:00,10:30
2687,2023-04-03 0:00,10:29
2688,2023-04-03 0:00,9:44
2689,2023-04-03,9:55
2690,2023-04-03 0:00,9:53
2691,2023-04-04,12:49
2692,2023-04-04,13:19
2693,2023-04-04 0:00,4:05
2694,2023-04-04 0:00,5:22
2695,2023-04-04,17:39
2696,2023-04-04,17:39
2697,2023-04-04 0:00,8:46
2698,2023-04-04 0:00,6:44
2699,2023-04-04 0:00,8:01
2700,2023-04-04,21:25
2701,2023-04-04 0:00,10:39
2702,2023-04-04 0:00,11:57
2703,2023-04-04 0:00,6:00
2704,2023-04-04,11:31
2705,2023-04-04 0:00,11:33
2706,2023-04-04 0:00,12:05
2707,2023-04-04 0:00,12:05
2708,2023-04-04 0:00,2:42
2709,2023-04-04 0:00,4:06
2710,2023-04-04 0:00,12:10
2711,2023-04-04 0:00,4:56
2712,2023-04-04,6:00
2713,2023-04-04 0:00,6:57
2714,2023-04-04,7:30
2715,2023-04-04 0:00,7:53
2716,2023-04-04 0:00,4:07
2717,2023-04-04 0:00,12:02
2718,2023-04-05 0:00,11:47
2719,2023-04-05 0:00,10:37
2720,2023-04-05 0:00,10:35
2721,2023-04-05 0:00,10:24
2722,2023-04-05 0:00,10:42
2723,2023-04-05 0:00,11:22
2724,2023-04-05,11:36
2725,2023-04-05 0:00,11:44
2726,2023-04-05 0:00,9:32
2727,2023-04-05 0:00,4:15
2728,2023-04-05 0:00,4:24
2729,2023-04-05 0:00,4:50
2730,2023-04-05 0:00,5:00
2731,2023-04-05 0:00,10:45
2732,2023-04-05 0:00,10:54
2733,2023-04-05 0:00,10:53
2734,2023-04-05 0:00,11:57
2735,2023-04-05,14:15
2736,2023-04-05 0:00,10:23
2737,2023-04-05,8:55
2738,2023-04-05 0:00,9:47
2739,2023-04-05,10:04
2740,2023-04-04,17:39
2741,2023-04-04,17:39
2742,2023-04-05 0:00,4:07
2743,2023-04-05 0:00,5:36
2744,2023-04-05 0:00,6:41
2745,2023-04-05 0:00,7:07
2746,2023-04-05 0:00,7:10
2747,2023-04-05 0:00,8:41
2748,2023-04-05 0:00,3:00
2749,2023-04-05 0:00,9:17
2750,2023-04-05,9:21
2751,2023-04-05 0:00,9:34
2752,2023-04-05 0:00,9:34
2753,2023-04-05 0:00,9:40
2754,2023-04-05 0:00,9:41
2755,2023-04-05 0:00,9:47
2756,2023-04-05 0:00,10:03
2757,2023-04-05 0:00,10:01
2758,2023-04-06 0:00,1:10
2759,2023-04-06 0:00,1:10
2760,2023-04-06 0:00,12:00
2761,2023-04-06 0:00,11:21
2762,2023-04-06 0:00,11:38
2763,2023-04-06 0:00,11:20
2764,2023-04-06 0:00,11:51
2765,2023-04-06 0:00,5:02
2766,2023-04-06 0:00,5:25
2767,2023-04-06 0:00,6:22
2768,2023-04-06 0:00,10:59
2769,2023-04-06 0:00,10:49
2770,2023-04-06 0:00,10:43
2771,2023-04-06 0:00,7:58
2772,2023-04-06 0:00,12:03
2773,2023-04-06,10:32
2774,2023-04-06 0:00,4:03
2775,2023-04-06 0:00,12:39
2776,2023-04-06,6:48
2777,2023-04-06,8:20
2778,2023-04-06 0:00,8:22
2779,2023-04-06 0:00,9:17
2780,2023-04-06 0:00,9:21
2781,2023-04-06 0:00,9:30
2782,2023-04-06 0:00,9:36
2783,2023-04-06 0:00,9:50
2784,2023-04-07,15:17
2785,2023-04-07 0:00,5:22
2786,2023-04-07 0:00,1:17
2787,2023-04-07 0:00,6:34
2788,2023-04-07 0:00,6:58
2789,2023-04-07,6:00
2790,2023-04-07 0:00,5:30
2791,2023-04-06 0:00,1:10
2792,2023-04-06 0:00,1:10
2793,2023-04-07,7:55
2794,2023-04-09 0:00,4:02
2795,2023-04-09 0:00,8:00
2796,2023-04-09 0:00,12:07
2797,2023-04-10 0:00,5:52
2798,2023-04-10 0:00,5:43
2799,2023-04-10,17:41
2800,2023-04-10,17:35
2801,2023-04-10 0:00,5:32
2802,2023-04-10 0:00,5:29
2803,2023-04-10 0:00,5:29
2804,2023-04-10 0:00,5:26
2805,2023-04-10 0:00,5:04
2806,2023-04-10 0:00,4:43
2807,2023-04-10 0:00,4:15
2808,2023-04-10 0:00,4:06
2809,2023-04-10 0:00,4:04
2810,2023-04-10 0:00,5:56
2811,2023-04-10 0:00,2:42
2812,2023-04-10 0:00,5:58
2813,2023-04-10,18:20
2814,2023-04-10 0:00,10:38
2815,2023-04-10,22:28
2816,2023-04-10 0:00,10:21
2817,2023-04-10 0:00,9:49
2818,2023-04-10,21:50
2819,2023-04-10 0:00,9:24
2820,2023-04-10 0:00,8:56
2821,2023-04-10 0:00,7:53
2822,2023-04-10 0:00,3:59
2823,2023-04-10,20:20
2824,2023-04-10 0:00,6:31
2825,2023-04-10,18:24
2826,2023-04-10,18:21
2827,2023-04-10 0:00,6:21
2828,2023-04-10 0:00,6:09
2829,2023-04-10,15:48
2830,2023-04-10,15:20
2831,2023-04-10 0:00,3:21
2832,2023-04-10 0:00,10:02
2833,2023-04-10 0:00,9:57
2834,2023-04-10 0:00,9:54
2835,2023-04-10 0:00,3:24
2836,2023-04-10 0:00,9:45
2837,2023-04-10 0:00,9:40
2838,2023-04-10 0:00,9:15
2839,2023-04-10 0:00,9:13
2840,2023-04-10,9:07
2841,2023-04-10 0:00,8:58
2842,2023-04-10 0:00,8:52
2843,2023-04-10 0:00,4:06
2844,2023-04-10 0:00,10:05
2845,2023-04-10 0:00,10:12
2846,2023-04-10 0:00,9:49
2847,2023-04-10 0:00,10:24
2848,2023-04-10 0:00,10:22
2849,2023-04-10,15:06
2850,2023-04-10 0:00,1:59
2851,2023-04-10 0:00,1:26
2852,2023-04-10,11:45
2853,2023-04-10 0:00,11:47
2854,2023-04-10 0:00,3:14
2855,2023-04-10 0:00,11:32
2856,2023-04-10 0:00,11:18
2857,2023-04-10,11:06
2858,2023-04-10 0:00,11:04
2859,2023-04-10 0:00,10:34
2860,2023-04-10,10:31
2861,2023-04-10 0:00,10:31
2862,2023-04-10 0:00,10:29
2863,2023-04-10 0:00,11:35
2864,2023-04-11 0:00,2:33
2865,2023-04-11 0:00,2:37
2866,2023-04-11 0:00,4:46
2867,2023-04-11 0:00,4:59
2868,2023-04-11 0:00,5:30
2869,2023-04-11 0:00,7:00
2870,2023-04-11 0:00,8:52
2871,2023-04-11 0:00,4:41
2872,2023-04-11 0:00,8:00
2873,2023-04-11 0:00,3:00
2874,2023-04-11 0:00,6:57
2875,2023-04-11 0:00,7:35
2876,2023-04-10 0:00,8:16
2877,2023-04-11 0:00,12:02
2878,2023-04-11 0:00,12:38
2879,2023-04-11 0:00,1:08
2880,2023-04-10,21:19
2881,2023-04-11 0:00,3:00
2882,2023-04-11 0:00,3:21
2883,2023-04-11 0:00,4:06
2884,2023-04-11 0:00,5:40
2885,2023-04-11 0:00,5:45
2886,2023-04-11,6:00
2887,2023-04-11,6:30
2888,2023-04-11 0:00,3:00
2889,2023-04-12 0:00,5:23
2890,2023-04-12 0:00,7:12
2891,2023-04-12 0:00,7:00
2892,2023-04-12 0:00,6:07
2893,2023-04-12 0:00,6:00
2894,2023-04-12 0:00,4:50
2895,2023-04-12 0:00,11:50
2896,2023-04-12 0:00,1:54
2897,2023-04-12,13:41
2898,2023-04-12,10:00
2899,2023-04-12 0:00,4:14
2900,2023-04-12 0:00,4:04
2901,2023-04-12 0:00,3:00
2902,2023-04-13 0:00,11:44
2903,2023-04-13,16:24
2904,2023-04-13,21:26
2905,2023-04-13 0:00,8:58
2906,2023-04-13 0:00,6:45
2907,2023-04-13,18:17
2908,2023-04-13 0:00,3:04
2909,2023-04-13 0:00,2:32
2910,2023-04-13 0:00,2:01
2911,2023-04-13 0:00,1:37
2912,2023-04-13,13:37
2913,2023-04-13 0:00,11:41
2914,2023-04-13 0:00,7:24
2915,2023-04-13 0:00,3:57
2916,2023-04-14 0:00,6:05
2917,2023-06-27,|
2918,2023-04-14,14:25
2919,2023-04-14 0:00,2:05
2920,2023-04-14 0:00,3:04
2921,2023-04-15 0:00,1:18
2922,2023-04-16,16:57
2923,2023-04-16 0:00,7:30
2924,2023-04-16 0:00,8:00
2925,2023-04-17 0:00,10:59
2926,2023-04-17 0:00,11:02
2927,2023-04-17 0:00,11:05
2928,2023-04-17 0:00,11:10
2929,2023-04-17 0:00,11:11
2930,2023-04-17 0:00,11:49
2931,2023-04-17 0:00,12:44
2932,2023-04-17,13:29
2933,2023-04-17 0:00,1:36
2934,2023-04-17 0:00,3:21
2935,2023-04-17 0:00,4:25
2936,2023-04-17 0:00,4:18
2937,2023-04-17 0:00,5:54
2938,2023-04-17,18:10
2939,2023-04-17 0:00,6:27
2940,2023-04-17 0:00,6:51
2941,2023-04-17 0:00,7:10
2942,2023-04-17 0:00,4:19
2943,2023-04-17 0:00,10:37
2944,2023-04-17 0:00,10:14
2945,2023-04-17,10:30
2946,2023-04-17 0:00,10:40
2947,2023-04-17 0:00,6:26
2948,2023-04-17 0:00,6:10
2949,2023-04-17 0:00,8:14
2950,2023-04-17 0:00,8:31
2951,2023-04-17 0:00,9:51
2952,2023-04-17 0:00,10:04
2953,2023-04-17 0:00,10:08
2954,2023-04-17 0:00,10:13
2955,2023-04-17 0:00,10:12
2956,2023-04-17 0:00,10:16
2957,2023-04-17 0:00,10:16
2958,2023-04-17 0:00,10:15
2959,2023-04-17 0:00,10:15
2960,2023-04-17 0:00,10:26
2961,2023-04-17 0:00,3:36
2962,2023-04-17 0:00,10:14
2963,2023-04-17 0:00,10:13
2964,2023-04-17 0:00,10:14
2965,2023-04-18 0:00,4:31
2966,2023-04-18 0:00,8:00
2967,2023-04-18,20:41
2968,2023-04-18 0:00,8:20
2969,2023-04-18,19:57
2970,2023-04-18 0:00,5:43
2971,2023-04-18 0:00,5:17
2972,2023-04-18 0:00,3:00
2973,2023-04-18 0:00,3:17
2974,2023-04-18,16:11
2975,2023-04-18 0:00,12:39
2976,2023-04-18 0:00,12:39
2977,2023-04-18 0:00,7:37
2978,2023-04-18 0:00,8:29
2979,2023-04-18,9:08
2980,2023-04-19,23:37
2981,2023-04-19 0:00,7:47
2982,2023-04-19 0:00,7:25
2983,2023-04-19 0:00,6:17
2984,2023-04-19 0:00,5:00
2985,2023-04-19 0:00,4:05
2986,2023-04-19,9:46
2987,2023-04-19 0:00,1:23
2988,2023-04-19 0:00,1:00
2989,2023-04-19,10:43
2990,2023-04-19 0:00,9:36
2991,2023-04-20 0:00,7:50
2992,2023-04-20 0:00,7:52
2993,2023-04-20 0:00,8:14
2994,2023-04-20 0:00,6:35
2995,2023-04-20,20:30
2996,2023-04-20 0:00,9:43
2997,2023-04-20 0:00,9:47
2998,2023-04-20 0:00,10:37
2999,2023-04-20 0:00,2:18
3000,2023-04-20 0:00,6:15
3001,2023-04-20,17:35
3002,2023-04-20,8:45
3003,2023-04-20 0:00,5:13
3004,2023-04-20 0:00,4:42
3005,2023-04-20,16:19
3006,2023-04-20 0:00,3:38
3007,2023-06-27 0:00,12:00
3008,2023-04-20 0:00,10:58
3009,2023-04-20 0:00,9:31
3010,2023-04-20 0:00,5:44
3011,2023-04-20 0:00,8:01
3012,2023-04-21 0:00,2:26
3013,2023-04-21 0:00,11:24
3014,2023-04-21 0:00,3:13
3015,2023-04-21 0:00,10:38
3016,2023-04-21,9:52
3017,2023-04-21 0:00,11:09
3018,2023-04-21 0:00,3:28
3019,2023-04-21 0:00,9:43
3020,2023-04-21 0:00,5:05
3021,2023-04-21 0:00,5:26
3022,2023-04-21 0:00,5:38
3023,2023-04-21 0:00,6:50
3024,2023-04-21 0:00,9:55
3025,2023-04-21 0:00,4:23
3026,2023-04-21 0:00,9:39
3027,2023-04-20,18:05  |  2023-04-20
3028,2023-04-21 0:00,9:09
3029,2023-04-21 0:00,9:21
3030,2023-04-20 0:00,9:11
3031,2023-04-21,1:00
3032,2023-04-21,7:05
3033,2023-04-21 0:00,7:21
3034,2023-04-21,6:05
3035,2023-04-21 0:00,8:01
3036,2023-04-21 0:00,8:00
3037,2023-04-21,8:03
3038,2023-04-21 0:00,8:04
3039,2023-04-21 0:00,8:17
3040,2023-04-21 0:00,8:44
3041,2023-04-22 0:00,8:53
3042,2023-04-23 0:00,2:39
3043,2023-04-23 0:00,10:47
3044,2023-04-23,20:39
3045,2023-04-23 0:00,10:15
3046,2023-04-23 0:00,12:03
3047,2023-04-24 0:00,4:06
3048,2023-04-24 0:00,4:08
3049,2023-04-24,9:10
3050,2023-04-24 0:00,2:09
3051,2023-04-24 0:00,6:45
3052,2023-04-24 0:00,12:55
3053,2023-04-25 0:00,5:56
3054,2023-04-25 0:00,4:16
3055,2023-04-25 0:00,4:16
3056,2023-04-25,17:30
3057,2023-04-25 0:00,4:05
3058,2023-04-25 0:00,4:23
3059,2023-04-25,18:30
3060,2023-04-25 0:00,9:15
3061,2023-04-25 0:00,10:25
3062,2023-04-25 0:00,3:50
3063,2023-04-25 0:00,3:47
3064,2023-04-25 0:00,11:31
3065,2023-04-25,15:28
3066,2023-04-25 0:00,3:41
3067,2023-04-25 0:00,3:00
3068,2023-04-25 0:00,7:32
3069,2023-04-25,13:03
3070,2023-04-25,13:51
3071,2023-04-25 0:00,2:49
3072,2023-04-25 0:00,9:24
3073,2023-04-26 0:00,4:47
3074,2023-04-26 0:00,3:18
3075,2023-04-26 0:00,3:26
3076,2023-04-26 0:00,3:48
3077,2023-04-26 0:00,4:03
3078,2023-04-26 0:00,4:24
3079,2023-04-26,16:22
3080,2023-04-26 0:00,4:58
3081,2023-04-26 0:00,10:13
3082,2023-04-26 0:00,6:08
3083,2023-04-26,19:03
3084,2023-04-26 0:00,8:25
3085,2023-04-26,21:18
3086,2023-04-26 0:00,10:33
3087,2023-04-26 0:00,10:41
3088,2023-04-26,14:44
3089,2023-04-26 0:00,2:07
3090,2023-04-25 0:00,4:16
3091,2023-04-25 0:00,4:16
3092,2023-04-26 0:00,1:30
3093,2023-04-26,13:56
3094,2023-04-26 0:00,6:22
3095,2023-04-25,16:52  |  2023-04-25
3096,2023-04-26 0:00,10:05
3097,2023-04-26,10:27
3098,2023-04-26 0:00,11:24
3099,2023-04-26 0:00,12:00
3100,2023-04-26 0:00,8:31
3101,2023-04-26 0:00,12:00
3102,2023-04-26 0:00,12:00
3103,2023-04-26 0:00,1:18
3104,2023-04-26 0:00,12:11
3105,2023-04-26 0:00,12:00
3106,2023-04-26 0:00,1:30
3107,2023-04-26,12:00
3108,2023-04-26 0:00,12:06
3109,2023-04-26 0:00,12:00
3110,2023-04-26 0:00,12:17
3111,2023-04-27 0:00,4:45
3112,2023-04-27,17:22
3113,2023-04-27 0:00,3:00
3114,2023-04-27 0:00,7:36
3115,2023-04-27 0:00,6:13
3116,2023-04-27 0:00,4:04
3117,2023-04-27 0:00,12:32
3118,2023-04-28,7:00
3119,2023-04-28 0:00,12:26
3120,2023-04-28,8:00
3121,2023-04-28,6:00
3122,2023-04-28,0:09
3123,2023-04-29 0:00,9:50
3124,2023-04-29 0:00,11:30
3125,2023-04-30 0:00,12:00
3126,2023-04-30 0:00,8:39
3127,2023-04-30 0:00,6:10
3128,2023-04-30 0:00,5:26
3129,2023-04-30 0:00,4:16
3130,2023-04-30 0:00,4:10
3131,2023-04-30 0:00,2:38
3132,2023-04-30 0:00,12:56
3133,2023-04-30,10:44
3134,2023-04-30 0:00,10:27
3135,2023-04-30 0:00,10:00
3136,2023-04-30 0:00,9:54
3137,2023-04-30 0:00,3:19
3138,2023-04-30 0:00,11:46
3139,2023-05-01 0:00,9:37
3140,2023-05-01 0:00,7:28
3141,2023-05-01 0:00,5:12
3142,2023-05-01 0:00,4:35
3143,2023-05-01 0:00,4:05
3144,2023-05-01 0:00,4:07
3145,2023-05-01 0:00,3:03
3146,2023-05-01 0:00,12:42
3147,2023-05-01 0:00,3:00
3148,2023-05-01 0:00,4:07
3149,2023-05-02,17:26
3150,2023-05-02,18:54
3151,2023-05-02,18:26
3152,2023-05-02 0:00,4:08
3153,2023-05-02,16:27
3154,2023-05-02 0:00,7:43
3155,2023-05-02 0:00,7:41
3156,2023-05-02 0:00,12:50
3157,2023-05-02,7:51
3158,2023-05-02 0:00,4:03
3159,2023-05-03 0:00,4:39
3160,2023-05-03 0:00,4:38
3161,2023-05-03 0:00,4:23
3162,2023-05-03 0:00,4:22
3163,2023-05-03 0:00,4:19
3164,2023-05-03 0:00,4:39
3165,2023-05-03 0:00,4:18
3166,2023-05-03 0:00,4:04
3167,2023-05-03 0:00,4:16
3168,2023-05-03,16:07
3169,2023-05-03 0:00,4:06
3170,2023-05-03 0:00,4:03
3171,2023-05-03 0:00,4:02
3172,2023-05-03 0:00,3:42
3173,2023-05-03 0:00,3:25
3174,2023-05-03 0:00,4:43
3175,2023-05-03 0:00,4:17
3176,2023-05-03 0:00,4:43
3177,2023-05-03,18:43
3178,2023-05-03 0:00,5:25
3179,2023-05-03 0:00,2:53
3180,2023-05-03,20:49
3181,2023-05-03 0:00,8:46
3182,2023-05-03,20:18
3183,2023-05-03,20:17
3184,2023-05-03 0:00,8:00
3185,2023-05-03 0:00,6:40
3186,2023-05-03 0:00,4:51
3187,2023-05-03,18:29
3188,2023-05-03,18:12
3189,2023-05-03 0:00,6:00
3190,2023-05-03 0:00,5:56
3191,2023-05-03 0:00,5:52
3192,2023-05-03 0:00,5:14
3193,2023-05-03 0:00,5:33
3194,2023-05-03 0:00,5:30
3195,2023-05-03 0:00,5:31
3196,2023-05-03 0:00,6:18
3197,2023-05-03 0:00,2:42
3198,2023-05-03,18:03
3199,2023-05-03 0:00,2:24
3200,2023-05-03 0:00,10:40
3201,2023-05-03 0:00,10:24
3202,2023-05-03 0:00,10:23
3203,2023-05-03 0:00,10:23
3204,2023-05-03 0:00,10:20
3205,2023-05-03 0:00,10:20
3206,2023-05-03 0:00,10:19
3207,2023-05-03 0:00,10:41
3208,2023-05-03 0:00,9:46
3209,2023-05-03 0:00,12:01
3210,2023-05-03 0:00,2:39
3211,2023-05-03,9:07
3212,2023-05-03 0:00,10:41
3213,2023-05-03 0:00,10:19
3214,2023-05-03 0:00,11:31
3215,2023-05-03,10:52
3216,2023-05-03 0:00,2:17
3217,2023-05-03,14:12
3218,2023-05-03 0:00,2:13
3219,2023-05-03,14:12
3220,2023-05-03,14:10
3221,2023-05-03 0:00,2:04
3222,2023-05-03 0:00,2:00
3223,2023-05-03 0:00,1:03
3224,2023-05-03 0:00,1:05
3225,2023-05-03 0:00,2:32
3226,2023-05-03 0:00,11:35
3227,2023-05-03 0:00,1:14
3228,2023-05-03 0:00,12:44
3229,2023-05-03 0:00,12:25
3230,2023-05-03 0:00,12:21
3231,2023-05-03,12:15
3232,2023-05-03 0:00,12:05
3233,2023-05-03 0:00,11:47
3234,2023-05-03 0:00,1:30
3235,2023-05-04,11:14
3236,2023-05-04 0:00,11:13
3237,2023-05-04,10:56
3238,2023-05-04,10:15
3239,2023-05-04 0:00,10:14
3240,2023-05-04 0:00,11:19
3241,2023-05-04,10:17
3242,2023-05-04 0:00,4:48
3243,2023-05-04 0:00,1:20
3244,2023-05-04 0:00,3:45
3245,2023-05-04 0:00,4:15
3246,2023-05-04 0:00,5:29
3247,2023-05-04 0:00,5:46
3248,2023-06-27,|
3249,2023-05-04,9:38
3250,2023-05-04 0:00,7:50
3251,2023-05-04 0:00,9:34
3252,2023-05-04 0:00,12:04
3253,2023-05-04 0:00,9:37
3254,2023-05-04 0:00,3:00
3255,2023-05-04 0:00,3:00
3256,2023-05-04 0:00,4:30
3257,2023-05-04,8:04
3258,2023-05-04 0:00,8:16
3259,2023-05-04 0:00,1:45
3260,2023-05-04 0:00,8:27
3261,2023-05-04 0:00,8:30
3262,2023-05-04 0:00,8:35
3263,2023-05-04 0:00,9:07
3264,2023-05-04 0:00,9:05
3265,2023-05-04 0:00,9:10
3266,2023-05-04 0:00,8:26
3267,2023-05-04 0:00,9:33
3268,2023-05-05 0:00,1:47
3269,2023-05-05,13:55
3270,2023-05-05,14:08
3271,2023-05-05 0:00,1:59
3272,2023-05-05,14:19
3273,2023-05-05 0:00,6:07
3274,2023-05-05 0:00,5:30
3275,2023-05-05 0:00,6:07
3276,2023-05-05,18:44
3277,2023-05-05 0:00,7:20
3278,2023-05-05 0:00,1:14
3279,2023-05-05,15:14
3280,2023-05-05 0:00,12:26
3281,2023-05-05 0:00,3:05
3282,2023-05-05 0:00,12:00
3283,2023-05-05 0:00,3:00
3284,2023-05-05 0:00,4:04
3285,2023-05-05,5:00
3286,2023-05-05 0:00,9:56
3287,2023-05-05 0:00,9:49
3288,2023-05-05 0:00,10:30
3289,2023-05-05 0:00,11:02
3290,2023-05-05,11:05
3291,2023-05-05 0:00,11:07
3292,2023-05-05 0:00,11:09
3293,2023-05-05 0:00,10:38
3294,2023-05-05,11:31
3295,2023-05-05 0:00,11:39
3296,2023-05-06 0:00,11:21
3297,2023-05-06 0:00,8:53
3298,2023-05-06 0:00,8:00
3299,2023-05-06,9:00
3300,2023-05-07 0:00,9:00
3301,2023-05-07 0:00,11:00
3302,2023-05-07,15:03
3303,2023-05-07 0:00,6:12
3304,2023-05-07 0:00,6:23
3305,2023-05-08 0:00,5:40
3306,2023-05-08 0:00,5:43
3307,2023-05-08 0:00,6:24
3308,2023-05-08 0:00,6:34
3309,2023-05-08,21:59
3310,2023-05-08 0:00,7:10
3311,2023-05-08,19:18
3312,2023-05-08 0:00,9:24
3313,2023-05-08 0:00,10:43
3314,2023-05-08 0:00,5:27
3315,2023-05-07,19:52
3316,2023-05-08 0:00,5:02
3317,2023-05-08 0:00,12:01
3318,2023-05-08 0:00,1:32
3319,2023-05-08 0:00,5:00
3320,2023-05-08 0:00,5:00
3321,2023-05-08 0:00,6:52
3322,2023-05-09 0:00,2:23
3323,2023-05-09 0:00,4:14
3324,2023-05-09 0:00,2:33
3325,2023-05-09,14:52
3326,2023-05-09 0:00,3:07
3327,2023-05-09 0:00,3:10
3328,2023-05-09 0:00,5:02
3329,2023-05-09 0:00,7:00
3330,2023-05-09 0:00,5:52
3331,2023-05-09 0:00,6:20
3332,2023-05-09 0:00,7:13
3333,2023-05-09,20:31
3334,2023-05-09 0:00,10:27
3335,2023-05-09 0:00,2:20
3336,2023-05-09,17:52
3337,2023-06-27,|
3338,2023-05-09 0:00,8:49
3339,2023-05-09,11:30
3340,2023-05-09,7:12
3341,2023-05-09 0:00,7:49
3342,2023-05-09 0:00,8:45
3343,2023-05-09,9:13
3344,2023-05-09,9:23
3345,2023-05-09 0:00,8:43
3346,2023-05-09 0:00,9:47
3347,2023-05-09 0:00,9:47
3348,2023-05-09,10:17
3349,2023-05-09 0:00,10:17
3350,2023-05-09 0:00,10:21
3351,2023-05-09 0:00,11:12
3352,2023-05-09,11:17
3353,2023-05-09 0:00,9:45
3354,2023-05-10 0:00,1:37
3355,2023-05-10 0:00,8:19
3356,2023-05-10 0:00,7:49
3357,2023-05-10 0:00,6:24
3358,2023-05-10 0:00,5:06
3359,2023-05-09,16:48  |  2023-05-10
3360,2023-05-10 0:00,4:03
3361,2023-05-10 0:00,3:00
3362,2023-05-10 0:00,3:00
3363,2023-05-10 0:00,12:15
3364,2023-05-11,14:45
3365,2023-05-11 0:00,3:27
3366,2023-05-11 0:00,3:30
3367,2023-05-11 0:00,3:42
3368,2023-05-11 0:00,10:56
3369,2023-05-11,14:31
3370,2023-05-11,20:16
3371,2023-05-11 0:00,4:29
3372,2023-05-11 0:00,2:17
3373,2023-05-11 0:00,2:30
3374,2023-05-11 0:00,11:23
3375,2023-05-10,19:26
3376,2023-05-11 0:00,5:50
3377,2023-05-11,9:18
3378,2023-05-11 0:00,9:52
3379,2023-05-11,9:55
3380,2023-05-11 0:00,10:36
3381,2023-05-11 0:00,9:30
3382,2023-05-12 0:00,11:20
3383,2023-05-12 0:00,7:35
3384,2023-05-12 0:00,4:14
3385,2023-05-12,14:16
3386,2023-05-12 0:00,2:03
3387,2023-06-27,|
3388,2023-05-12 0:00,10:32
3389,2023-05-12 0:00,6:15
3390,2023-05-12 0:00,9:52
3391,2023-05-11,20:24
3392,2023-05-12 0:00,8:44
3393,2023-05-12 0:00,6:01
3394,2023-05-12 0:00,9:37
3395,2023-05-12 0:00,9:38
3396,2023-05-12 0:00,9:42
3397,2023-05-12 0:00,9:49
3398,2023-05-12,9:25
3399,2023-05-12 0:00,10:08
3400,2023-05-13,9:30
3401,2023-05-13,9:33
3402,2023-05-14 0:00,3:46
3403,2023-05-14,20:49
3404,2023-05-14,18:49
3405,2023-05-14,9:33
3406,2023-05-14,9:31
3407,2023-05-14,7:00
3408,2023-05-15 0:00,2:56
3409,2023-05-15,16:06
3410,2023-05-15,17:19
3411,2023-05-15 0:00,5:43
3412,2023-05-15,18:16
3413,2023-05-15,18:34
3414,2023-05-15,18:37
3415,2023-05-15 0:00,7:30
3416,2023-05-15 0:00,2:23
3417,2023-05-15 0:00,5:36
3418,2023-05-15 0:00,1:56
3419,2023-05-15,10:18
3420,2023-05-15 0:00,11:20
3421,2023-05-14,19:35
3422,2023-06-27,|
3423,2023-05-15 0:00,3:00
3424,2023-05-15 0:00,4:04
3425,2023-05-15 0:00,8:12
3426,2023-05-15 0:00,8:53
3427,2023-05-15 0:00,9:27
3428,2023-05-15,9:30
3429,2023-05-14,19:36
3430,2023-05-15,10:39
3431,2023-05-15 0:00,11:11
3432,2023-05-15 0:00,9:21
3433,2023-05-16,12:22
3434,2023-05-16 0:00,1:42
3435,2023-05-16,14:00
3436,2023-05-16 0:00,2:00
3437,2023-05-16 0:00,2:33
3438,2023-05-16 0:00,8:29
3439,2023-05-16 0:00,2:00
3440,2023-05-16 0:00,12:19
3441,2023-05-16 0:00,11:46
3442,2023-05-16,11:49
3443,2023-05-16,11:51
3444,2023-05-16 0:00,3:00
3445,2023-05-16 0:00,3:00
3446,2023-05-16,3:44
3447,2023-05-16 0:00,4:03
3448,2023-05-15,20:13
3449,2023-05-16 0:00,7:07
3450,2023-05-16 0:00,8:41
3451,2023-05-16 0:00,9:26
3452,2023-05-16,10:52
3453,2023-05-17 0:00,5:34
3454,2023-05-17 0:00,8:45
3455,2023-05-17,21:26
3456,2023-05-17 0:00,11:59
3457,2023-05-17 0:00,11:52
3458,2023-05-17,17:02
3459,2023-05-17 0:00,11:20
3460,2023-05-17 0:00,4:58
3461,2023-05-17 0:00,4:05
3462,2023-05-17,1:50
3463,2023-05-17,1:52
3464,2023-05-17 0:00,8:21
3465,2023-05-17 0:00,3:00
3466,2023-05-17 0:00,9:57
3467,2023-05-17 0:00,10:08
3468,2023-05-17 0:00,1:45
3469,2023-05-17 0:00,11:00
3470,2023-05-17 0:00,1:03
3471,2023-05-18 0:00,3:39
3472,2023-05-18,15:43
3473,2023-05-18,15:39
3474,2023-05-18 0:00,2:55
3475,2023-05-18,14:43
3476,2023-05-18 0:00,12:12
3477,2023-05-18 0:00,2:22
3478,2023-05-18,14:06
3479,2023-05-18,14:01
3480,2023-05-18 0:00,1:37
3481,2023-05-18 0:00,4:33
3482,2023-05-18 0:00,12:50
3483,2023-05-18 0:00,2:27
3484,2023-05-18 0:00,6:15
3485,2023-05-18 0:00,5:00
3486,2023-05-18 0:00,4:52
3487,2023-05-18 0:00,11:42
3488,2023-05-18,22:18
3489,2023-05-18,22:00
3490,2023-05-18,21:41
3491,2023-05-18,20:36
3492,2023-05-18 0:00,4:56
3493,2023-05-18,20:35
3494,2023-05-18,18:31
3495,2023-05-18,18:17
3496,2023-06-27,|
3497,2023-05-18 0:00,5:36
3498,2023-05-18 0:00,5:30
3499,2023-05-18 0:00,5:22
3500,2023-05-18 0:00,11:37
3501,2023-05-18 0:00,4:22
3502,2023-05-18 0:00,10:26
3503,2023-05-18 0:00,6:17
3504,2023-05-18 0:00,6:02
3505,2023-05-18 0:00,6:20
3506,2023-05-18,6:00
3507,2023-05-18 0:00,6:39
3508,2023-05-18 0:00,4:07
3509,2023-05-18 0:00,12:39
3510,2023-05-18 0:00,12:17
3511,2023-05-18,0:00
3512,2023-05-18 0:00,12:00
3513,2023-05-17,19:39
3514,2023-05-18 0:00,11:31
3515,2023-05-18 0:00,1:47
3516,2023-05-18 0:00,6:47
3517,2023-05-18 0:00,7:31
3518,2023-05-18 0:00,10:06
3519,2023-05-18,7:08
3520,2023-05-18 0:00,9:50
3521,2023-05-18 0:00,9:34
3522,2023-05-18 0:00,9:31
3523,2023-05-18,9:26
3524,2023-05-18,9:31
3525,2023-05-18,9:16
3526,2023-05-18 0:00,9:05
3527,2023-05-18 0:00,9:00
3528,2023-05-18 0:00,8:57
3529,2023-05-18 0:00,8:02
3530,2023-05-18 0:00,9:23
3531,2023-05-18 0:00,7:54
3532,2023-05-18,7:46
3533,2023-05-19 0:00,3:05
3534,2023-05-19,14:21
3535,2023-05-19 0:00,2:22
3536,2023-05-19,14:36
3537,2023-05-19 0:00,2:31
3538,2023-05-19 0:00,3:10
3539,2023-05-19 0:00,1:28
3540,2023-05-19 0:00,2:31
3541,2023-05-19,13:07
3542,2023-05-19,11:21
3543,2023-06-27 0:00,12:00
3544,2023-06-27,|
3545,2023-06-27,|
3546,2023-05-19 0:00,11:48
3547,2023-05-19 0:00,11:39
3548,2023-05-19 0:00,11:37
3549,2023-05-19,11:14
3550,2023-05-19 0:00,11:09
3551,2023-05-19 0:00,2:54
3552,2023-05-19 0:00,1:04
3553,2023-05-19 0:00,4:10
3554,2023-05-19,20:40
3555,2023-05-19 0:00,4:46
3556,2023-05-19 0:00,11:02
3557,2023-05-19 0:00,2:47
3558,2023-05-20 0:00,3:57
3559,2023-05-19 0:00,11:01
3560,2023-05-19 0:00,9:42
3561,2023-05-19,20:32
3562,2023-05-19,20:31
3563,2023-05-19 0:00,6:57
3564,2023-05-19 0:00,7:10
3565,2023-05-19,18:48
3566,2023-05-19 0:00,6:32
3567,2023-05-19 0:00,6:31
3568,2023-05-19 0:00,6:11
3569,2023-05-19 0:00,5:39
3570,2023-05-19 0:00,5:37
3571,2023-05-19 0:00,4:59
3572,2023-05-19 0:00,4:44
3573,2023-05-19,16:30
3574,2023-05-19,11:00
3575,2023-05-19 0:00,7:07
3576,2023-05-19 0:00,10:48
3577,2023-05-19 0:00,7:32
3578,2023-05-19 0:00,7:38
3579,2023-05-19,7:34
3580,2023-05-19 0:00,7:33
3581,2023-05-19,7:31
3582,2023-05-19 0:00,7:18
3583,2023-05-19 0:00,7:11
3584,2023-05-18,20:13
3585,2023-05-19 0:00,7:02
3586,2023-05-19 0:00,6:46
3587,2023-05-19 0:00,6:36
3588,2023-05-19,6:00
3589,2023-05-19,5:01
3590,2023-05-19 0:00,4:05
3591,2023-05-19 0:00,3:00
3592,2023-05-19 0:00,12:17
3593,2023-05-19 0:00,12:02
3594,2023-05-19 0:00,10:55
3595,2023-05-19,7:54
3596,2023-05-19 0:00,8:13
3597,2023-05-19 0:00,8:11
3598,2023-05-19 0:00,8:18
3599,2023-05-19 0:00,10:46
3600,2023-05-19 0:00,10:44
3601,2023-05-19 0:00,10:37
3602,2023-05-19 0:00,10:32
3603,2023-05-19,10:18
3604,2023-05-19,10:21
3605,2023-05-19 0:00,10:13
3606,2023-05-19 0:00,10:11
3607,2023-05-19 0:00,10:00
3608,2023-05-19 0:00,8:15
3609,2023-05-19 0:00,9:59
3610,2023-05-19 0:00,9:56
3611,2023-05-19 0:00,9:51
3612,2023-05-19 0:00,9:31
3613,2023-05-19 0:00,9:10
3614,2023-05-19 0:00,9:08
3615,2023-05-19,9:00
3616,2023-05-19,8:51
3617,2023-05-19,8:25
3618,2023-05-19,10:00
3619,2023-05-20,21:10
3620,2023-05-20 0:00,11:47
3621,2023-05-20 0:00,10:22
3622,2023-05-20,20:59
3623,2023-05-20 0:00,9:02
3624,2023-05-20 0:00,12:00
3625,2023-05-20,7:48
3626,2023-05-20 0:00,7:09
3627,2023-05-20 0:00,3:00
3628,2023-05-21 0:00,3:00
3629,2023-05-21,16:24
3630,2023-05-21,18:18
3631,2023-05-21 0:00,2:58
3632,2023-05-21,18:37
3633,2023-05-21,20:20
3634,2023-05-21,23:50
3635,2023-05-21 0:00,5:04
3636,2023-05-21 0:00,2:11
3637,2023-06-27 0:00,12:00
3638,2023-05-21 0:00,9:33
3639,2023-05-18 0:00,4:06
3640,2023-05-21 0:00,7:51
3641,2023-05-21 0:00,11:22
3642,2023-05-21 0:00,2:49
3643,2023-05-21 0:00,12:37
3644,2023-05-21,12:45
3645,2023-05-21,12:52
3646,2023-05-21 0:00,12:56
3647,2023-05-21 0:00,1:02
3648,2023-05-22 0:00,6:21
3649,2023-05-22 0:00,6:34
3650,2023-05-22,18:38
3651,2023-05-22 0:00,7:05
3652,2023-05-22,19:59
3653,2023-05-22 0:00,8:51
3654,2023-05-22 0:00,6:17
3655,2023-05-22,21:38
3656,2023-05-22 0:00,10:14
3657,2023-05-22 0:00,10:45
3658,2023-05-22,23:23
3659,2023-05-22 0:00,11:38
3660,2023-05-22,17:00
3661,2023-05-22 0:00,8:41
3662,2023-05-22 0:00,4:40
3663,2023-05-22 0:00,12:02
3664,2023-05-22 0:00,3:00
3665,2023-05-22 0:00,3:00
3666,2023-05-22,7:41
3667,2023-05-22,9:10
3668,2023-05-22 0:00,3:00
3669,2023-06-27,|
3670,2023-05-22 0:00,2:31
3671,2023-05-22 0:00,3:25
3672,2023-05-22 0:00,3:56
3673,2023-05-22,16:03
3674,2023-05-22 0:00,9:40
3675,2023-05-23,17:27
3676,2023-05-23 0:00,5:49
3677,2023-05-23 0:00,7:39
3678,2023-05-23 0:00,11:08
3679,2023-05-23 0:00,5:09
3680,2023-05-23 0:00,6:11
3681,2023-05-23 0:00,3:52
3682,2023-05-23 0:00,10:53
3683,2023-05-23 0:00,1:35
3684,2023-05-24,16:57
3685,2023-05-24 0:00,5:06
3686,2023-06-27 0:00,12:00
3687,2023-05-24 0:00,3:57
3688,2023-05-24 0:00,3:52
3689,2023-05-24 0:00,3:29
3690,2023-05-24 0:00,4:04
3691,2023-05-24 0:00,5:43
3692,2023-05-24 0:00,6:25
3693,2023-05-24 0:00,11:48
3694,2023-05-24,23:00
3695,2023-05-24 0:00,10:00
3696,2023-05-24 0:00,9:35
3697,2023-05-24 0:00,8:43
3698,2023-05-24 0:00,6:44
3699,2023-05-24 0:00,6:35
3700,2023-05-24 0:00,6:16
3701,2023-05-24 0:00,6:11
3702,2023-05-24 0:00,3:26
3703,2023-05-24 0:00,5:52
3704,2023-05-24 0:00,3:12
3705,2023-05-24,10:17
3706,2023-05-24 0:00,2:59
3707,2023-05-24,9:03
3708,2023-05-24 0:00,8:38
3709,2023-05-24 0:00,8:02
3710,2023-05-24,6:00
3711,2023-05-24 0:00,9:16
3712,2023-05-24,6:00
3713,2023-05-24 0:00,6:00
3714,2023-05-24 0:00,4:05
3715,2023-05-24 0:00,3:00
3716,2023-05-24 0:00,3:00
3717,2023-05-24,15:09
3718,2023-05-24 0:00,9:52
3719,2023-05-24 0:00,10:39
3720,2023-05-24 0:00,10:30
3721,2023-05-24,14:47
3722,2023-05-24,14:36
3723,2023-05-24,14:26
3724,2023-06-27,|
3725,2023-05-24 0:00,11:48
3726,2023-05-24 0:00,11:38
3727,2023-05-24 0:00,11:40
3728,2023-05-24 0:00,11:25
3729,2023-05-24 0:00,1:39
3730,2023-05-25 0:00,4:47
3731,2023-05-25 0:00,4:15
3732,2023-05-25 0:00,4:06
3733,2023-05-25 0:00,4:03
3734,2023-05-25 0:00,3:16
3735,2023-05-25 0:00,2:52
3736,2023-05-25 0:00,5:32
3737,2023-05-25 0:00,2:30
3738,2023-05-25,15:59
3739,2023-05-25 0:00,4:49
3740,2023-05-25 0:00,6:00
3741,2023-05-25 0:00,6:29
3742,2023-05-25 0:00,7:34
3743,2023-05-25 0:00,2:25
3744,2023-05-25 0:00,5:41
3745,2023-05-25 0:00,10:01
3746,2023-05-25 0:00,1:42
3747,2023-05-25 0:00,3:00
3748,2023-05-25 0:00,5:12
3749,2023-05-25 0:00,5:32
3750,2023-05-25,14:17
3751,2023-05-25 0:00,8:11
3752,2023-05-25,9:00
3753,2023-06-27 0:00,12:00
3754,2023-05-25,9:22
3755,2023-05-25 0:00,6:37
3756,2023-05-25 0:00,9:42
3757,2023-05-25 0:00,1:29
3758,2023-05-25 0:00,11:49
3759,2023-05-25 0:00,10:59
3760,2023-05-25 0:00,10:07
3761,2023-05-25 0:00,9:56
3762,2023-05-25 0:00,9:50
3763,2023-05-25,10:46
3764,2023-05-26,14:28
3765,2023-05-26 0:00,8:30
3766,2023-05-26 0:00,4:59
3767,2023-05-26,21:24
3768,2023-05-26 0:00,2:52
3769,2023-05-26 0:00,12:39
3770,2023-06-27,|
3771,2023-05-26 0:00,12:36
3772,2023-05-26 0:00,4:07
3773,2023-05-26 0:00,5:40
3774,2023-05-26,6:20
3775,2023-05-26,6:00
3776,2023-05-26 0:00,9:11
3777,2023-05-26 0:00,9:59
3778,2023-06-27 0:00,12:00
3779,2023-05-26,11:58
3780,2023-05-26 0:00,9:07
3781,2023-05-27,11:46
3782,2023-05-27,14:00
3783,2023-05-27 0:00,7:21
3784,2023-05-28 0:00,6:31
3785,2023-05-28,18:08
3786,2023-05-28 0:00,6:18
3787,2023-06-27 0:00,12:00
3788,2023-05-28 0:00,6:05
3789,2023-05-28 0:00,5:53
3790,2023-05-28 0:00,6:00
3791,2023-05-28,18:48
3792,2023-05-28 0:00,5:39
3793,2023-05-28 0:00,6:02
3794,2023-05-28 0:00,11:00
3795,2023-05-28 0:00,7:55
3796,2023-05-28,23:00
3797,2023-05-28 0:00,9:53
3798,2023-05-28,21:17
3799,2023-05-28 0:00,8:33
3800,2023-05-28,20:33
3801,2023-05-28 0:00,8:28
3802,2023-05-28 0:00,9:14
3803,2023-05-28,17:31
3804,2023-05-28 0:00,8:19
3805,2023-05-28,17:25
3806,2023-05-28,11:29
3807,2023-05-28 0:00,7:00
3808,2023-05-28 0:00,5:28
3809,2023-05-28 0:00,9:54
3810,2023-05-28 0:00,4:48
3811,2023-05-28 0:00,4:49
3812,2023-05-28 0:00,4:48
3813,2023-05-28 0:00,5:20
3814,2023-05-28 0:00,5:19
3815,2023-05-28 0:00,5:18
3816,2023-05-28,17:13
3817,2023-05-28 0:00,5:09
3818,2023-05-28 0:00,5:18
3819,2023-05-28 0:00,5:04
3820,2023-05-28,16:53
3821,2023-05-28,17:04
3822,2023-05-28 0:00,4:53
3823,2023-05-28 0:00,4:53
3824,2023-05-28 0:00,5:08
3825,2023-05-28,16:54
3826,2023-06-27 0:00,12:00
3827,2023-05-29 0:00,7:02
3828,2023-05-29 0:00,5:35
3829,2023-05-29 0:00,7:29
3830,2023-05-29,18:20
3831,2023-05-29 0:00,4:23
3832,2023-05-29,16:02
3833,2023-05-29 0:00,4:01
3834,2023-05-29 0:00,3:53
3835,2023-05-29 0:00,2:55
3836,2023-05-29 0:00,2:52
3837,2023-05-29 0:00,2:38
3838,2023-05-29 0:00,2:30
3839,2023-05-29 0:00,2:20
3840,2023-05-29,19:50
3841,2023-05-29,16:49
3842,2023-05-29 0:00,7:51
3843,2023-05-29 0:00,9:52
3844,2023-05-29,20:18
3845,2023-05-29 0:00,11:43
3846,2023-05-29 0:00,10:53
3847,2023-05-29 0:00,10:36
3848,2023-05-29 0:00,8:56
3849,2023-05-29,22:33
3850,2023-05-29 0:00,10:19
3851,2023-05-29,14:16
3852,2023-05-29,22:02
3853,2023-05-29,21:40
3854,2023-05-29 0:00,9:14
3855,2023-05-29,21:04
3856,2023-05-29,20:59
3857,2023-05-29 0:00,8:54
3858,2023-05-29 0:00,8:53
3859,2023-06-27 0:00,12:00
3860,2023-05-29 0:00,7:55
3861,2023-05-29 0:00,9:36
3862,2023-05-29 0:00,5:39
3863,2023-05-29 0:00,1:38
3864,2023-05-29 0:00,8:10
3865,2023-05-29 0:00,5:59
3866,2023-05-29 0:00,4:08
3867,2023-05-29 0:00,3:53
3868,2023-05-29 0:00,3:00
3869,2023-05-29 0:00,3:00
3870,2023-05-29 0:00,1:35
3871,2023-05-29 0:00,1:08
3872,2023-05-29 0:00,1:07
3873,2023-05-29 0:00,12:02
3874,2023-05-29 0:00,12:01
3875,2023-05-29 0:00,12:01
3876,2023-05-29 0:00,12:01
3877,2023-05-29 0:00,1:54
3878,2023-05-29,9:36
3879,2023-05-29 0:00,10:02
3880,2023-05-29,13:38
3881,2023-05-29 0:00,1:09
3882,2023-05-29 0:00,12:53
3883,2023-05-29 0:00,12:17
3884,2023-05-29,12:41
3885,2023-05-29,12:25
3886,2023-05-29 0:00,12:18
3887,2023-05-29,10:43
3888,2023-05-29 0:00,10:53
3889,2023-05-29 0:00,10:05
3890,2023-05-29 0:00,11:49
3891,2023-05-30 0:00,10:28
3892,2023-06-27 0:00,12:00
3893,2023-05-30 0:00,11:07
3894,2023-05-30 0:00,11:07
3895,2023-05-30,11:20
3896,2023-06-27 0:00,12:00
3897,2023-05-30 0:00,5:40
3898,2023-05-30 0:00,2:35
3899,2023-05-30,15:54
3900,2023-05-30 0:00,4:41
3901,2023-05-30 0:00,10:22
3902,2023-05-30 0:00,2:20
3903,2023-05-30,9:58
3904,2023-05-30 0:00,3:00
3905,2023-05-30 0:00,9:05
3906,2023-05-29 0:00,3:39
3907,2023-05-30 0:00,12:00
3908,2023-05-29 0:00,11:57
3909,2023-05-30,0:24
3910,2023-05-30 0:00,3:00
3911,2023-05-30 0:00,5:55
3912,2023-05-30,6:50
3913,2023-05-30,7:18
3914,2023-05-30 0:00,8:15
3915,2023-05-30 0:00,9:09
3916,2023-05-31 0:00,3:33
3917,2023-05-31 0:00,4:10
3918,2023-05-31 0:00,4:39
3919,2023-05-31 0:00,5:29
3920,2023-05-31,23:14
3921,2023-05-31 0:00,3:01
3922,2023-05-31 0:00,5:41
3923,2023-05-31 0:00,2:58
3924,2023-05-31 0:00,8:54
3925,2023-05-31 0:00,2:39
3926,2023-05-31 0:00,1:40
3927,2023-05-31 0:00,11:20
3928,2023-05-31 0:00,11:07
3929,2023-05-31,10:19
3930,2023-05-31 0:00,10:00
3931,2023-05-31,9:31
3932,2023-05-31 0:00,9:07
3933,2023-05-31 0:00,8:54
3934,2023-05-31 0:00,8:54
3935,2023-05-31 0:00,5:55
3936,2023-05-31 0:00,2:57
